,Cancer,Normal,Normal,Cancer,Normal,Normal,Cancer,Cancer,Normal,Cancer,Normal,Normal,Cancer,Normal,Normal,Normal,Normal,Normal,Normal,Cancer,Normal,Normal,Cancer,Cancer,Normal,Cancer,Cancer,Cancer,Cancer,Cancer,Cancer,Normal,Normal,Cancer,Normal,Cancer,Cancer,Normal,Cancer,Normal,Normal,Normal,Cancer,Normal,Normal,Cancer,Cancer,Cancer,Cancer,Normal,Cancer,Cancer,Cancer,Cancer,Cancer,Normal,Cancer,Normal,Cancer,Normal,Cancer,Cancer,Cancer,Cancer,Cancer,Cancer,Cancer,Cancer,Cancer,Normal,Normal,Normal,Normal,Cancer,Normal,Cancer,Cancer,Normal,Normal,Normal,Cancer,Normal,Cancer,Normal,Cancer,Cancer,Cancer,Normal,Cancer,Cancer,Cancer,Cancer,Cancer,Normal,Cancer,Cancer,Normal,Cancer,Normal,Cancer,Cancer,Cancer,Cancer,Normal,Normal,Cancer,Cancer,Normal,Normal,Normal,Normal,Normal,Cancer,Cancer,Cancer,Normal,Cancer,Normal,Cancer,Cancer,Normal,Cancer,Cancer,Cancer,Normal,Cancer,Normal,Cancer,Cancer,Cancer,Normal,Normal,Cancer,Normal,Normal,Cancer,Normal,Cancer,Normal,Cancer,Cancer,Cancer,Cancer,Normal,Cancer,Cancer,Cancer,Normal,Normal,Normal,Cancer,Normal,Cancer,Cancer,Cancer,Cancer,Cancer,Cancer,Normal,Cancer,Cancer,Normal,Cancer,Normal,Cancer,Cancer,Cancer,Normal,Normal,Normal,Normal,Normal,Cancer,Cancer,Normal,Cancer,Normal,Cancer,Normal,Normal,Normal,Normal,Cancer,Normal,Normal,Cancer,Cancer,Normal,Cancer,Normal,Normal,Cancer,Cancer,Normal,Cancer,Normal,Cancer,Cancer,Cancer,Cancer,Normal,Normal,Cancer,Normal,Normal,Cancer,Cancer,Cancer,Normal,Normal,Cancer,Normal,Cancer,Normal,Cancer,Normal
587826,59.48839976,0,1186.94362,0,0,76.68711656,0,0,0,0,0,478.4688995,0,0,0,932.1401939,0,0,0,0,0,0,0,0,42.49893753,0,81.66598612,0,0,0,0,0,96.06147935,170.5514497,0,0,0,176.2114537,0,0,0,68.16632584,0,0,0,0,0,0,58.61664713,0,0,0,0,0,0,0,0,0,125.3132832,257.7319588,0,0,0,0,0,0,0,0,0,0,299.4011976,437.0629371,0,87.48906387,327.8688525,0,0,0,0,0,54.2888165,146.5201465,81.4995925,0,0,0,0,0,0,223.0483271,0,0,0,0,0,0,95.87727709,0,0,0,0,0,0,83.19467554,0,0,0,0,0,196.0784314,0,0,0,0,0,167.3640167,67.34006734,176.6784452,0,0,0,0,0,0,0,0,0,0,0,0,80.38585209,0,0,185.1851852,0,0,0,0,0,0,0,51.89413596,0,0,0,0,0,0,0,187.2659176,0,83.7520938,0,58.37711617,0,0,0,0,0,0,0,0,0,0,0,0,0,0,0,0,0,0,0,0,0,0,0,0,0,0,0,0,0,0,0,0,0,0,0,0,0,0,0,0,0,0,0,0,0,0,0,0,0,0,0,0,0,0,0,0,0,0,0,0,0,0
1,0,0,0,0,0,0,0,0,0,0,0,0,0,0,0,0,51.57297576,0,103.626943,0,0,0,0,0,0,0,0,0,0,0,0,0,0,0,0,0,0,0,0,0,0,0,0,0,0,0,0,0,0,0,0,0,0,0,0,0,0,59.24170616,0,0,0,0,0,0,0,0,0,0,0,0,0,0,0,0,0,0,0,0,0,0,0,0,0,0,0,0,0,0,0,0,0,0,0,0,0,0,0,0,0,0,0,0,0,0,0,0,0,0,0,0,0,0,0,0,0,0,0,0,0,0,0,0,0,0,0,0,0,0,0,0,0,0,0,0,35.63791875,0,0,0,0,0,0,0,0,0,0,0,0,0,0,0,0,0,0,0,0,0,0,0,1.023719583,0,0,0,0,0,0,0,0,0,0,0,0,0,0,0,0,0,0,0,0,0,0,0,0,0,0,0,0,0,0,0,0,0,0,0,0,0,0,0,0,0,0,0,0,0,0,0,0,0,0,0,0,0,0,0,0,0
548686,59.48839976,0,0,0,0,0,113.2502831,44.80286738,0,0,0,0,0,0,0,0,0,0,103.626943,114.2857143,0,68.21282401,0,0,0,71.8907261,0,0,0,25.92688618,0,83.89261745,0,56.85048323,0,0,81.43322476,0,0,0,0,0,0,0,0,172.7115717,0,0,190.5041032,0,0,176.5225066,216.4502165,0,0,66.8002672,0,0,0,0,87.2600349,0,0,0,401.6064257,0,0,0,0,0,0,0,0,0,0,0,106.9518717,0,0,99.30486594,54.2888165,73.26007326,0,0,0,0,256.7394095,0,65.78947368,148.6988848,82.50825083,95.87727709,0,0,79.36507937,107.2961373,95.87727709,198.8071571,0,102.9866117,0,0,101.9367992,0,80.45052293,0,0,103.950104,0,0,0,0,0,0,44.62293619,0,67.34006734,0,62.85355123,105.374078,0,0,0,152.4390244,75.81501137,0,0,0,46.12546125,0,0,0,0,0,0,94.87666034,0,0,138.5041551,0,301.2048193,103.7882719,56.33802817,0,0,0,0,0,0,0,0,0,98.61932939,0,90.66183137,33.81805884,0,0,0,0,0,0,0,0,0,0,0,0,0,0,0,0,0,0,0,0,0,0,0,0,0,0,0,0,0,0,0,0,0,0,0,0,0,0,0,0,0,0,0,0,0,0,0,0,0,0,0,0,0,0,0,0,0,0,0,0
195681,0,0,0,0,239.3298763,0,0,0,67.38544474,0,0,0,0,0,446.4285714,0,0,0,103.626943,0,99.20634921,0,0,0,0,0,0,0,0,25.92688618,0,0,0,0,0,63.0517024,0,0,0,0,0,0,0,0,0,0,0,0,14.65416178,512.8205128,0,0,0,0,0,0,0,0,0,85.91065292,0,0,0,123.685838,0,0,0,0,0,0,0,0,0,0,54.64480874,0,0,0,95.32888465,0,0,219.7802198,0,282.2201317,0,0,0,0,32.89473684,0,0,0,0,0,0,0,0,0,0,0,0,0,0,83.19467554,0,0,79.30214116,103.950104,0,0,0,0,0,0,0,0,0,58.89281508,0,0,137.5515818,0,0,0,151.6300227,0,0,0,0,0,0,70.87172218,0,0,0,0,0,153.1393568,0,0,0,0,0,0,0,0,0,0,0,93.6329588,0,0,0,0,0,0,12.99433409,3.549119818,24.56926999,4.471272077,2.412855695,45.01492774,2.722329225,8.611657313,1.394408422,0,134.891695,10.47390387,2.680510012,128.9685877,0,16.06732976,28.31504868,0,106.7695651,1.306694194,0,10.11285951,179.0657304,115.187584,10.75476974,0,10.95875399,4.16921452,3.886967,24.93374747,36.86830116,25.23340903,13.87767461,18.99164368,60.99372859,0,0.810083925,26.41966045,41.58526156,0,1.450442022,0,5.249527543,18.30191505,2.843453659,2.162120088,10.89886996,16.34194614,5.384130813,6.168574812,7.876496534,399.4371996,0,275.6428965,1.208006668,18.07337791,17.5574724,61.48729984,0,23.82405932
667010,0,0,0,0,0,0,0,0,0,0,0,0,0,0,0,0,0,0,0,0,0,0,0,0,0,0,0,0,0,0,0,0,0,0,0,0,0,0,0,0,0,0,0,0,0,0,0,0,0,0,0,0,0,0,0,0,0,0,0,0,0,0,0,0,0,0,0,0,0,0,0,0,0,0,0,0,0,0,0,0,0,0,0,0,0,0,0,0,0,0,0,0,0,0,0,0,0,0,0,0,0,0,0,0,0,0,0,0,0,0,0,0,0,0,0,0,0,0,0,0,0,0,0,0,0,0,0,0,0,0,0,0,0,0,0,0,0,0,0,0,0,0,0,0,0,0,0,0,0,0,0,0,0,0,0,0,0,0,1.023719583,0,0,0,0,0,0,0,0,1.611369825,8.041530035,1.68219897,0,0.765110941,0,0,0.936575132,0,0,0,0,0,0,1.070090958,0,1.389738173,0.431885222,0,0,0.720954544,0,0,0.781970879,3.008936542,0,3179.341939,0,0.561025555,0,0,0,0,2820.70603,0.216212009,0,0,0.538413081,0,0,0,0.82140921,0.810714402,0,0,0,2.598054923,1.34505323,0
825808,0,0,296.735905,0,0,613.4969325,0,0,134.7708895,0,160,0,244.4987775,0,178.5714286,2796.420582,0,0,0,0,0,0,0,0,127.4968126,0,0,0,0,0,0,83.89261745,288.184438,56.85048323,0,0,0,2202.643172,0,0,0,136.3326517,0,0,0,0,0,0,0,0,68.82312457,0,0,0,0,0,0,0,0,1030.927835,0,0,0,0,0,0,0,0,0,0,2894.211577,1398.601399,0,0,54.64480874,54.91488193,0,0,0,0,0,293.040293,0,0,359.0664273,0,0,0,0,0,82.50825083,0,0,0,0,0,0,0,1159.42029,0,0,109.0512541,0,83.19467554,0,0,396.5107058,207.9002079,0,1666.666667,49.72650423,208.9864159,0,0,0,334.7280335,0,0,188.5606537,0,0,0,0,0,0,0,0,0,0,0,241.1575563,0,0,370.3703704,0,0,181.4882033,0,0,194.9317739,0,51.89413596,112.6760563,0,136.0544218,0,0,150.8295626,0,655.4307116,0,0,98.61932939,0,0,0,0.955465742,2.366079879,16200.3624,12.51956182,1.608570463,0.661984232,1.361164612,0.717638109,0,0,0,2.417054738,0,7.289528872,1.48614909,2213.465953,4.118552535,7.608805925,0.936575132,1.306694194,4674.187224,0,0.781946421,466.8128404,1672.725187,4.280363831,0,11.11790539,0.431885222,0.712392785,0,0.720954544,1.261606782,1.999120387,4.691825276,5.014894236,0,0.528393209,109.8478607,0.561025555,0,498.6275152,2687.758102,8.319052294,1.421726829,13.40514455,0.573624735,1301.908376,0,419.4630872,63.01197227,0.94429598,4.107046048,5.675000811,0,1.643034356,2.26548031,944.8259736,0,0
158393,0,96.10764056,0,100.9591116,0,0,0,0,0,0,0,0,0,0,0,0,0,0,0,0,0,136.425648,65.83278473,0,212.4946876,0,40.83299306,0,0,0,0,0,0,0,0,0,0,0,0,0,102.0408163,68.16632584,0,0,0,0,0,58.65102639,131.887456,0,68.82312457,88.26125331,0,0,0,0,255.1020408,0,0,0,0,0,0,0,133.8688086,68.58710562,0,0,0,0,0,0,0,0,0,0,0,0,0,0,108.577633,0,162.999185,94.07337723,0,0,0,0,32.89473684,74.34944238,0,0,0,0,158.7301587,107.2961373,0,0,0,463.4397528,1682.085786,109.0512541,0,0,0,163.9344262,0,0,0,0,149.1795127,0,153.3742331,117.9245283,0,0,0,0,125.7071025,105.374078,0,76.74597084,0,0,0,0,0,75.13148009,92.25092251,0,0,0,77.22007722,92.59259259,0,0,0,0,0,0,0,103.7882719,56.33802817,0,136.0544218,0,0,0,0,0,0,0,0,58.37711617,60.44122091,135.2722354,0,0,0,0,0,0,0,0,0,0,0,0,0,0,0,0,0,0,0,0,0,0,0,0,0,0,0,0,0,0,0,0,0,0,0,0,0,0,0,0,0,0,0,0,0,0,0,0,0,0,0,0,0,0,0,0,0,0,0,0
2,4461.629982,4084.574724,10385.75668,6562.342251,757.8779418,8512.269939,1472.253681,8198.924731,18665.76819,4687.5,3680,11483.25359,611.2469438,4670.050761,2767.857143,15659.95526,567.3027334,2568.218299,11502.59067,8457.142857,4166.666667,16302.86494,2896.642528,160.9010459,3527.411815,5319.913731,5594.120049,4647.435897,767.9180887,5470.572984,4580.896686,9899.328859,3938.520653,1421.262081,27624.30939,4224.464061,4153.094463,5638.76652,8381.50289,4824.561404,5306.122449,817.99591,2816.901408,2987.421384,1738.122827,2417.962003,4912.451362,5865.102639,3927.315358,11282.05128,4679.972471,9796.999117,360.7503608,3988.035892,1410.743353,1336.005344,765.3061224,177.7251185,877.1929825,2319.587629,3315.881326,7012.487992,9786.276715,4885.5906,5488.621151,548.696845,882.8722778,2727.925341,3861.625101,9253.731343,8582.834331,5069.93007,2618.542109,6124.234471,5409.836066,5052.169138,5775.40107,3539.823009,3241.182078,9930.486594,10043.43105,5201.465201,3015.484923,6396.989652,2513.464991,3341.902314,6033.376123,5849.056604,723.6842105,7732.342007,4207.920792,8245.445829,585.7740586,212.7659574,9126.984127,2575.107296,3739.213806,3180.914513,4420.289855,4891.864058,4709.840202,6434.023991,1732.925586,10732.11314,4827.031376,163.9344262,6026.962728,6860.706861,7861.866275,6862.745098,10740.92491,3970.741902,996.9325153,4834.90566,1026.327532,11297.07113,4579.124579,2061.248528,6222.501571,4214.963119,4951.856946,1304.681504,5730.12939,6021.341463,8642.911296,1626.01626,2324.294411,2103.681443,3459.409594,7142.857143,2009.646302,1913.536499,3088.803089,4259.259259,3349.964362,7874.762808,4174.228675,459.4180704,4847.645429,5653.021442,0,3269.330566,2704.225352,4622.871046,2721.088435,6294.117647,4082.743604,5731.523379,764.3312102,5243.445693,8119.65812,12144.0536,7100.591716,3619.381203,906.6183137,1285.086236,280.7158349,5805.768503,70.63665121,4666.219539,3452.7965,16437.73045,1171.282149,1835.000646,5312.696089,1831.233519,5226.835615,5005.720363,2822.577042,2976.931445,2063.518012,1063.504208,2591.084363,4726.759325,2887.461132,9.146859361,9123.612799,1075.502609,3958.99473,921.5006719,1570.196382,471.9101124,2152.710237,4241.480905,4124.071987,4337.047274,3948.858399,6050.971486,1184.648769,2930.710487,3673.699191,183.545129,12497.97479,2535.230617,2118.494457,743.9198856,61.64378594,1733.86386,184.6083852,1356.005524,4936.235552,4058.948042,5990.936729,3203.021444,3641.826082,1261.473549,4296.628859,10328.70943,380.3124641,5340.986477,3359.466544,1472.158783,742.5111716,3005.949546,1536.723316,13823.91042
4472202,0,0,0,50.47955578,0,0,0,0,0,0,0,0,0,0,0,37.28560776,0,0,0,0,0,0,0,0,0,0,0,0,0,0,0,0,0,0,0,0,0,0,144.5086705,0,0,0,0,0,0,0,0,0,58.61664713,0,0,0,144.3001443,0,0,0,255.1020408,0,0,0,0,0,0,0,133.8688086,0,0,0,0,0,0,0,0,0,0,54.91488193,0,0,0,0,0,0,0,0,0,0,0,0,98.68421053,0,165.0165017,0,0,0,158.7301587,214.5922747,0,0,0,102.9866117,0,0,0,0,0,0,0,0,0,0,0,0,0,0,44.62293619,0,67.34006734,0,0,0,0,0,0,0,0,0,0,0,0,0,0,0,0,0,0,94.87666034,0,0,0,0,0,0,0,0,0,0,0,0,0,0,0,0,0,0,0,0,0,0.59151997,0,0,0,0,0,0,0,0,0,0.805684913,0,0.56073299,0,0,0,0.845422881,2.809725396,0,0,0,0,0,0,0,0,0,0,0,0,0,0,0,0,0,0,0,0,0,0,0,1.749842514,0,0,0.216212009,0,0,0,0,0,0,0,0,0,1.643034356,0,0,0,0
358757,0,0,0,0,0,0,0,0,0,0,0,0,0,0,0,0,0,0,0,0,0,0,0,0,0,0,0,0,0,0,0,0,0,0,0,0,0,0,0,0,0,0,0,0,0,0,0,0,0,0,0,0,0,0,0,0,0,0,0,0,0,0,0,0,0,0,0,0,0,0,0,0,0,0,0,0,0,0,0,0,0,0,0,0,0,0,0,0,0,0,0,0,0,0,0,0,0,0,0,0,0,0,0,0,0,0,0,0,0,0,0,0,0,0,0,0,0,0,0,0,0,0,0,0,0,0,0,0,0,0,0,0,0,0,0,0,0,0,0,0,0,0,0,0,0,0,0,0,0,0,0,0,0,0,0,0,0,0,0,0,0,0,0,0,0,0,0,0,0.893503337,0.56073299,0,0,0,0,0,0,0,0.505642976,0,0,0,0,0,0,0,0,0,0,0,0,1.563941759,0,0,0,0,0,0,0,0,0,5.686907318,0,0,0,0.538413081,0,0,0,0,0,0,0,0,0,0,0
3,0,0,0,252.3977789,0,0,113.2502831,0,0,0,0,0,0,0,0,0,51.57297576,0,0,0,0,0,0,0,0,0,0,0,0,207.4150894,0,0,0,113.7009665,0,0,0,0,0,0,0,0,384.1229193,0,38.62495172,1036.26943,145.9143969,58.65102639,0,0,0,0,288.6002886,0,0,0,255.1020408,59.24170616,3383.458647,0,0,0,0,0,0,0,58.85815185,0,0,0,0,0,0,0,0,0,0,0,190.6577693,0,0,0,0,0,0,0,0,188.6792453,0,0,0,0,0,106.3829787,0,107.2961373,95.87727709,0,0,154.4799176,0,0,0,0,0,0,0,0,0,0,0,0,0,0,0,0,0,0,0,105.374078,0,613.9677667,369.6857671,0,0,0,0,0,0,0,0,0,0,92.59259259,35.63791875,0,90.74410163,0,0,0,4216.86747,51.89413596,0,0,0,0,163.3097441,75.4147813,0,0,0,0,0,116.7542323,0,1826.175178,0,0,3.071158748,0,1.608570463,0,17.01455766,0,0,241.7228245,186.237566,0,0,0,2.972298181,0.765110941,0,0,0,0,0,0,0.781946421,0,0,0,0,0,0,0,0,0,33.43257973,0,0,0,0,1.056786418,3.138510306,0,0,25.18320784,0,0,1.421726829,0,0,0,10.76826163,0,0,0,0,0,2.416013336,0,0,0.866018308,0,1.489003708
176071,0,48.05382028,0,50.47955578,0,0,226.5005663,44.80286738,0,0,0,0,61.12469438,0,0,0,0,0,0,114.2857143,99.20634921,0,0,0,84.99787505,0,81.66598612,320.5128205,0,233.3419756,0,0,0,0,0,189.1551072,0,0,144.5086705,0,0,0,0,0,38.62495172,0,0,0,87.92497069,0,0,0,0,0,0,66.8002672,0,177.7251185,250.6265664,0,0,0,0,0,0,137.1742112,0,0,0,0,0,0,0,87.48906387,0,0,0,147.4926254,190.6577693,0,0,0,0,0,89.76660682,0,64.18485237,0,230.2631579,0,82.50825083,0,0,212.7659574,0,0,0,0,0,360.4531411,168.2085786,0,0,0,80.45052293,0,0,0,0,0,49.72650423,0,0,471.6981132,89.24587238,0,0,0,0,526.8703899,0,0,0,76.2195122,0,271.00271,221.3613724,0,46.12546125,0,0,0,231.6602317,92.59259259,35.63791875,0,90.74410163,459.4180704,0,0,301.2048193,51.89413596,56.33802817,0,136.0544218,0,0,0,0,0,0,0,0,0,392.8679359,101.4541765,0,0,0,0,0,0,0,0.717638109,0,0,0,0,0,0,0,0,0.514819067,0,0,0,0,1.011285951,0,0,1.433969299,0,0,0,0,0,0,0,0,0,0,0,0,0,0,0,0,0,0,0,0,0.216212009,0,0,0,0,0,0,0,0,0,0,0,0,0,0
4349946,0,0,0,0,0,0,0,0,0,0,0,0,0,0,0,0,0,0,0,0,0,0,0,0,0,143.7814522,0,0,0,0,97.46588694,0,0,0,0,63.0517024,0,0,0,109.6491228,0,0,0,0,0,0,0,0,0,0,0,88.26125331,0,0,0,66.8002672,0,0,250.6265664,0,0,0,0,0,1070.950469,0,0,143.5750179,0,0,0,0,0,87.48906387,0,0,0,0,0,0,0,0,162.999185,0,89.76660682,171.3796058,64.18485237,0,0,0,0,191.7545542,0,0,0,0,0,0,0,0,84.10428932,0,0,0,0,0,0,0,0,0,0,0,0,0,89.24587238,0,134.6801347,0,62.85355123,0,0,0,0,0,75.81501137,0,0,0,0,0,80.38585209,0,0,0,0,94.87666034,0,0,0,0,0,0,0,0,0,117.6470588,108.8731628,0,0,0,0,0,0,0,0,33.81805884,0,0,0,0,0,0,0,0,0,0,0,0,0,0,0,0,0,0,0,0,0,0,0,0,0,0,0,0,0,0,15.8007005,0,0,0,0,0,0,2.113572836,0.784627577,0,0,0,0,0,4.265180488,0,0,0,0,0,0,0,0,0,0,0,0,0,0,0
197661,0,96.10764056,0,0,0,0,0,0,0,0,0,0,0,0,0,0,0,0,103.626943,0,0,0,0,0,0,0,0,0,0,0,0,0,0,0,0,0,0,0,0,109.6491228,102.0408163,0,0,0,38.62495172,0,0,0,0,0,0,0,0,0,0,0,0,0,0,0,0,0,0,0,0,0,0,0,0,0,99.8003992,0,0,0,0,0,0,0,95.32888465,0,0,73.26007326,0,0,0,0,0,0,0,0,0,0,0,0,0,0,0,0,0,0,0,0,0,0,0,0,0,0,0,0,0,0,0,0,0,0,0,0,0,0,0,0,0,0,0,0,0,0,0,0,0,0,0,0,35.63791875,0,0,0,0,0,0,0,0,0,0,0,0,0,0,0,0,0,0,0,0,0,0,0,0,0,0,0,0,0,0,0,0,0,0,0,0,0,0,0,0,0,0,0,0,0,0,0,0,0,0,0,0,0,0,0,0,0,0,0,0,0,0,0,0,0,0,0,0,0,0,0,0,0,0,0,0,0,0,0,0,0
189828,0,0,0,0,0,0,0,0,0,0,0,0,0,203.0456853,0,0,0,0,0,0,0,0,0,0,0,0,0,0,0,0,0,167.7852349,0,0,0,0,0,0,0,0,0,0,0,0,77.24990344,0,0,0,0,0,0,0,0,0,0,0,0,0,0,0,0,0,0,0,0,0,0,0,0,0,0,0,0,0,0,0,0,0,95.32888465,0,0,0,0,0,0,0,0,0,0,0,0,0,0,0,0,0,0,0,0,0,0,0,0,0,0,0,0,0,0,0,0,0,0,0,0,0,0,0,0,0,0,0,0,0,151.6300227,0,0,0,0,0,80.38585209,0,0,0,0,0,0,0,0,0,0,0,0,0,0,0,0,0,0,0,0,0,0,0,0,0,0,29.57599849,5.118597914,47.39548402,0.804285232,10.5917477,2.041746919,29.42316249,4.183225267,0,4.351345001,34.64445125,67.90625363,0,0,84.16220352,0,0,59.00423332,0,191.1695546,10.61850249,0,14.14584365,0,1.070090958,0,2.779476347,25.91311333,44.88074545,27.65122587,10.09336361,0,4.997800968,0,0,0,11.6246506,3.923137883,0,0,5.036641567,0.874921257,0,2.843453659,0,22.94498939,19.97348973,51.14924272,7.402289775,17.06574249,0,0,0.810714402,26.5761467,13.14427485,9.061921241,0,0,17.86804449
196333,0,96.10764056,0,0,79.77662545,0,0,44.80286738,67.38544474,78.125,0,0,0,406.0913706,446.4285714,37.28560776,0,80.25682183,103.626943,0,0,136.425648,0,0,84.99787505,0,0,0,0,25.92688618,97.46588694,83.89261745,192.1229587,56.85048323,0,0,0,0,0,0,0,0,0,0,0,0,0,58.65102639,29.30832356,0,0,0,0,0,0,0,0,59.24170616,0,171.8213058,0,0,112.4859393,0,0,0,0,0,0,0,199.6007984,174.8251748,0,0,109.2896175,0,0,0,0,0,0,0,0,0,0,0,0,0,65.78947368,0,82.50825083,0,83.68200837,106.3829787,0,0,0,0,0,0,0,0,0,83.19467554,0,0,0,0,73.47538575,0,49.72650423,0,0,0,0,334.7280335,0,0,0,105.374078,0,0,0,0,0,0,0,0,46.12546125,0,0,0,0,92.59259259,35.63791875,0,0,0,0,0,0,0,56.33802817,0,136.0544218,0,0,0,63.69426752,187.2659176,0,0,0,0,0,0,0,0,0,0,0,0,0,0,0,0,0,0,0,0,0,0,8.237105069,0,0,0,0,1.011285951,0,0,0,0,0.684922124,0,0,0,0,0,0,0,0,3.008936542,0,0,0,0,0.725221011,0,0,0,0,0,0,0,0,0,0,0,0,0,0,0,0.566370078,2.598054923,0,0
4,0,0,0,0,0,0,0,0,0,0,0,0,0,0,0,0,0,0,0,0,0,0,0,0,0,0,0,0,0,0,0,0,0,0,0,0,0,0,0,0,0,0,0,0,0,0,0,0,0,0,0,0,0,0,0,0,0,0,0,0,0,0,0,0,0,0,0,0,0,0,0,611.8881119,0,0,0,0,0,0,0,0,0,659.3406593,0,0,0,0,0,0,0,0,0,0,0,0,0,0,0,0,0,0,0,0,0,0,0,0,0,0,0,0,0,0,0,0,0,0,0,0,0,0,0,0,0,0,0,0,0,0,0,0,1848.874598,0,0,0,0,0,0,0,277.0083102,0,0,0,0,0,0,0,0,377.0739065,191.0828025,0,0,0,0,0,0,0,0,0,0,63.49206349,0,0,0,0,0,0,0,0,0,0,0,0,0,0,0,0,0,0,0,0,0,0,0,0,0,0,0,0,0,0,0,0,0,0,0,0,0,0,0,0,0,0,0,0,0,0,0,0,0,0,0,0,0,0,0,0
567846,0,0,0,0,0,536.809816,113.2502831,0,0,0,160,0,0,0,357.1428571,708.4265474,0,0,0,0,0,0,0,0,0,0,40.83299306,160.2564103,0,0,292.3976608,0,192.1229587,0,0,0,0,616.7400881,0,0,0,0,0,0,0,0,0,58.65102639,0,0,0,0,0,0,0,0,0,0,0,429.5532646,0,0,0,0,0,0,0,0,0,0,598.8023952,961.5384615,0,0,0,0,0,0,0,0,0,73.26007326,81.4995925,0,179.5332136,0,0,0,0,0,247.5247525,0,0,0,0,0,0,0,217.3913043,0,0,0,0,0,0,0,79.30214116,0,0,196.0784314,0,104.4932079,0,0,0,585.7740586,0,0,188.5606537,0,0,0,184.8428835,0,0,0,0,0,0,0,80.38585209,0,0,185.1851852,0,0,0,306.2787136,0,0,0,0,56.33802817,0,0,0,0,75.4147813,63.69426752,374.5318352,85.47008547,0,0,0,0,0,0,0,0,0,0,0,0,0,0,0,0,0,0,0,0,0,0,0,0,0,0,0,0,0,0,0,0,0,0,0,0,0,0,0,0,0,0,0,0,0,0,0,0,0,0,0,0,0,0,0,0,0,0,0,0,0,0,0,0,0
5,1487.209994,1537.722249,13649.85163,0,3071.40008,9815.95092,3397.508494,134.4086022,1010.781671,0,2240,9090.909091,1466.992665,101.5228426,8839.285714,51491.42431,1031.459515,802.5682183,103.626943,1485.714286,2182.539683,409.2769441,4410.796577,80.45052293,679.9830004,71.8907261,1755.818702,1923.076923,1450.511945,25.92688618,1559.454191,1174.496644,10854.94717,8811.824901,220.9944751,126.1034048,488.5993485,12775.3304,289.017341,438.5964912,714.2857143,5930.470348,128.0409731,628.9308176,386.2495172,863.5578584,48.6381323,1114.369501,1611.957796,3076.923077,2684.101858,264.7837599,505.0505051,548.3549352,1573.521432,0,0,3850.7109,250.6265664,13230.24055,2006.980803,2593.659942,1349.831271,494.7433519,669.3440428,68.58710562,1294.879341,1005.025126,80.45052293,149.2537313,15668.66267,36101.3986,920.0283086,6736.657918,3224.043716,1922.020868,106.9518717,0,95.32888465,794.4389275,760.0434311,6300.3663,2933.98533,0,1526.032316,3770.351328,0,0,0,3866.171004,10891.08911,95.87727709,1589.958159,0,0,214.5922747,7094.918504,1988.071571,10000,257.4665294,0,872.4100327,305.8103976,1164.725458,643.6041834,0,3172.085646,4158.004158,367.3769287,7254.901961,7856.787668,3134.796238,0,943.3962264,0,6443.514644,3097.643098,3828.03298,3708.359522,0,275.1031637,2072.141213,2587.80037,914.6341463,1364.670205,1355.01355,608.7437742,601.0518407,1291.512915,0,6109.324759,0,0,5000,320.7412687,94.87666034,6715.063521,5206.738132,6509.695291,6237.816764,4518.072289,3269.330566,5352.112676,0,2040.816327,58.82352941,326.6194883,6184.012066,445.8598726,14606.74157,940.1709402,251.2562814,1282.051282,350.262697,60.44122091,0,833.1661268,340.1239826,20119.16096,507.9365079,851.7380604,1.323968463,2059.442059,5.741104876,51.59311162,4.883289384,1.740538,344.8331427,1.787006674,5593.311577,162.7333254,2269.319051,758.3284855,1110.040242,250.0655603,3680.957546,8129.286809,1045.669674,7.81946421,1030.625751,2889.448137,12.84109149,0,911.6682417,402.0851419,573.4761918,7.241987728,1.441909088,8.200444086,643.7167646,12.51153407,2672.938628,458.5075014,238.8337305,1235.003805,1068.753682,10.87831517,11384.0691,5961.713446,4351.696255,9.952087806,21.83741289,382.0340733,1681.404681,78.60830987,671.7577971,1412.518378,24.55169548,18889.12618,12.16071602,131.6727268,1092.617847,2530.541506,1977.119796,107.6042584,31.26907786
199491,0,96.10764056,0,0,119.6649382,0,0,44.80286738,0,0,0,0,0,203.0456853,714.2857143,37.28560776,0,80.25682183,103.626943,0,99.20634921,0,0,0,0,0,0,0,170.6484642,51.85377236,0,167.7852349,96.06147935,0,110.4972376,0,0,88.10572687,0,0,0,0,0,0,0,0,0,0,14.65416178,0,0,0,0,0,0,0,0,59.24170616,0,85.91065292,349.0401396,0,0,61.84291899,0,0,0,0,0,0,99.8003992,0,0,0,109.2896175,0,106.9518717,0,0,198.6097319,0,73.26007326,0,94.07337723,0,0,0,0,65.78947368,148.6988848,165.0165017,191.7545542,0,212.7659574,0,0,191.7545542,0,72.46376812,0,84.10428932,0,0,83.19467554,0,81.96721311,0,103.950104,0,294.1176471,0,0,0,0,0,167.3640167,0,117.7856302,62.85355123,105.374078,412.6547455,76.74597084,0,76.2195122,75.81501137,0,0,0,0,0,0,0,0,370.3703704,35.63791875,0,90.74410163,0,0,0,0,0,0,0,0,0,0,75.4147813,0,0,0,0,0,0,0,0,0,0,0,0,0,0,0,0,0,0,0,0,0,0,0,0,0,0,0,0,0,0,0,0,0,0,0,0,0,0,0,26.67531812,0,0,0,0,0,0,0,0,0,0,0,0,0,0,0,0,0,0,0,0,0,0,0,0,0,0,0,0
6,0,0,0,0,0,0,2151.755379,0,0,78.125,0,0,0,0,0,0,0,0,0,0,0,0,0,0,0,0,0,0,85.32423208,0,0,0,0,0,0,0,0,0,0,0,0,0,0,0,0,0,0,0,0,0,0,0,0,0,0,0,0,0,0,0,0,0,0,0,0,0,0,0,0,0,0,0,0,0,0,0,106.9518717,0,0,0,0,0,0,0,0,0,0,94.33962264,0,0,0,0,0,0,0,0,0,0,0,51.49330587,84.10428932,0,0,0,0,0,0,0,0,0,0,0,0,0,0,0,0,0,0,0,0,5602.455871,0,0,0,0,0,0,0,0,0,0,0,0,0,0,0,0,0,0,0,0,0,0,0,0,217.7463255,0,0,0,85.47008547,0,98.61932939,0,0,0,0,2.957599849,0,0,0,0,0,0,0,0,0,0,0,0,0,0,0,0,0,0,0,0,0,0,0,0,0,0,0,0,0,0,0,0,0,0,0,0,0,0,0.725221011,0,1.749842514,0,0,0,0,0,0,0,0,0,0,0,0,0,0,0,0,0
4304475,0,0,0,0,0,0,0,0,0,0,0,0,0,0,0,0,0,0,0,0,0,0,0,0,0,0,0,0,0,0,0,0,0,0,0,0,0,0,0,0,0,0,0,0,0,0,0,0,0,0,0,0,0,0,0,0,0,0,0,0,0,0,0,0,0,0,0,0,0,0,0,0,0,87.48906387,0,0,0,0,0,0,0,0,0,0,0,0,0,0,0,0,0,191.7545542,0,0,0,0,0,0,0,0,0,0,0,0,0,163.9344262,0,0,0,0,0,0,0,0,0,0,0,0,0,105.374078,0,0,0,0,0,0,0,0,0,0,0,0,0,0,0,0,0,0,0,0,0,0,0,0,0,0,0,0,0,0,0,0,0,0,0,0,0,0,0,0,0,0,0,0,0,0,0,0,0,0,0,0,1.029638134,0,0,0,0,0,0,0,0,0,0,0,0,0,0,0,0,0,0,0,0,0,0,0,0,0,0,0,0,0,0.573624735,0,0,0.616857481,0,0,0,0,0,0,0,0,0,0
183603,59.48839976,48.05382028,0,0,0,0,113.2502831,0,0,0,0,0,122.2493888,0,0,0,0,0,0,114.2857143,0,68.21282401,65.83278473,80.45052293,84.99787505,0,0,0,0,25.92688618,0,0,0,113.7009665,0,0,0,0,0,0,0,0,0,0,0,0,48.6381323,58.65102639,43.96248535,512.8205128,0,0,0,0,54.25935974,0,255.1020408,0,125.3132832,0,0,96.06147935,0,0,0,0,0,0,0,0,0,0,0,0,0,54.91488193,106.9518717,0,0,0,54.2888165,0,0,0,0,0,64.18485237,0,32.89473684,0,0,0,0,0,0,0,0,0,0,205.9732235,252.312868,0,0,0,0,0,0,0,0,0,0,0,0,0,89.24587238,0,67.34006734,0,0,210.748156,0,153.4919417,0,76.2195122,0,0,55.34034311,0,0,0,0,70.87172218,0,0,0,0,0,0,0,0,0,0,56.33802817,0,0,0,0,0,0,0,0,0,0,0,90.66183137,67.63611769,0,0,0,0,0,0,1.361164612,0,0,0,0,0,0,0,0,0,0,0,0,0,0,0.505642976,0,0,0,0,0,0,0,0,0,0,0,0,0,0,0,0,0,0,0,0,0,0,0,0,0,0,0,0,0,0,0,0,0,0,0,0.866018308,0.672526615,0
524444,0,48.05382028,0,0,119.6649382,0,0,44.80286738,0,78.125,0,0,61.12469438,0,0,37.28560776,0,80.25682183,207.253886,0,297.6190476,204.638472,0,0,0,71.8907261,81.66598612,0,0,103.7075447,0,83.89261745,0,170.5514497,0,0,81.43322476,176.2114537,0,0,0,0,0,0,0,172.7115717,0,0,0,0,0,0,0,0,0,0,0,59.24170616,0,85.91065292,0,0,112.4859393,0,0,0,0,0,0,0,0,0,0,174.9781277,218.579235,0,0,0,190.6577693,0,0,0,81.4995925,188.1467545,0,0,0,0,65.78947368,0,82.50825083,0,0,319.1489362,79.36507937,0,0,0,72.46376812,0,84.10428932,0,0,83.19467554,0,0,158.6042823,311.8503119,220.4261572,98.03921569,0,0,0,0,0,251.0460251,0,117.7856302,0,105.374078,275.1031637,0,0,0,227.4450341,0,0,0,0,0,0,0,0,277.7777778,35.63791875,0,0,0,0,0,0,0,56.33802817,0,0,0,54.43658138,0,0,93.6329588,0,0,197.2386588,0,0,0,0,11.83039939,0,28.61614129,0,0,0,0,0,0,0,0,0,0,0,0,0,0,0,0,0,0,0,0,0,0,0,0,2.591311333,17.80981962,0,0,0,0,0.781970879,0,0,0,0,0,0,60.43969881,0,0,0,0,13.1933689,0,0,0,0,0,0,0,0,0,0,0,0,0
7,1903.628792,3123.498318,2670.623145,1060.070671,3869.166334,3297.546012,2038.505096,3629.032258,3369.272237,2265.625,1440,1435.406699,1466.992665,2538.071066,7857.142857,1901.565996,1031.459515,2969.502408,5077.720207,1142.857143,6051.587302,2182.810368,921.6589862,482.7031376,552.4861878,2156.721783,2980.808493,480.7692308,1706.484642,2800.103708,877.1929825,2265.100671,2305.475504,2671.972712,3756.906077,2206.809584,1710.09772,2995.594714,1156.069364,2083.333333,2857.142857,1635.99182,1152.368758,3380.503145,1622.247972,1381.692573,1653.696498,1407.624633,1802.461899,5128.205128,4542.326222,5825.242718,2453.102453,2741.774676,759.6310364,467.6018704,2551.020408,1540.28436,1002.506266,2577.319588,4799.30192,4322.766571,2474.690664,3834.260977,1740.294511,1097.39369,1236.021189,1292.175162,1045.856798,2686.567164,4291.417166,1223.776224,3043.170559,2274.715661,3224.043716,713.8934651,2352.941176,1327.433628,3241.182078,3475.670308,1302.931596,4761.904762,2037.489813,3857.008467,987.432675,1199.657241,2053.915276,1132.075472,1677.631579,3122.67658,3877.887789,1629.91371,1338.912134,4468.085106,1349.206349,1180.257511,3451.581975,2186.878728,2753.623188,978.3728115,1766.190076,8287.895311,1325.178389,4908.485857,1689.460981,2049.180328,8168.120539,4781.704782,1469.507715,3921.568627,1442.068623,3343.782654,996.9325153,1415.09434,624.7211066,6276.150628,1818.181818,3533.568905,3959.773727,1159.114858,5502.063274,3914.044513,2772.643253,2362.804878,2577.710387,813.0081301,1272.827892,2178.812923,2029.520295,0,3135.048232,1984.408221,694.980695,3425.925926,3920.171062,2277.039848,3266.787659,765.6967841,969.5290859,3703.703704,1204.819277,778.4120394,732.3943662,2311.435523,1496.598639,3117.647059,1360.914535,3016.591252,1082.802548,2715.355805,1709.401709,2261.306533,1479.289941,2510.215995,241.7648837,879.2695299,2451.534,2930.38993,6380.844159,4716.297787,2054.948767,2177.928122,4404.048104,3072.926385,469.9156383,876.5504444,2894.514694,2701.461512,5905.163556,3554.486425,864.1956961,1953.328233,3411.705956,3144.973116,5507.061776,2507.546159,5015.605055,2520.12459,1570.148413,4219.503077,993.0237394,5332.263242,2664.347064,4158.096615,2658.685428,778.6453139,2426.065889,7046.249234,1176.448325,3690.376234,3242.833237,3624.765554,2783.448365,6706.895003,2885.860226,458.9189038,122.5623509,4631.191921,3681.66865,4824.218425,1427.413737,531.0166937,3936.21293,2527.554337,928.7625652,3161.394591,3510.291955,4019.867987,1382.4317,6720.011674,1940.058709,7743.620919,3043.106427,3709.156412,201.7579846,3249.00609
332317,0,0,0,50.47955578,0,0,0,0,0,0,0,0,122.2493888,0,0,0,0,0,0,0,99.20634921,0,0,0,84.99787505,0,40.83299306,0,85.32423208,25.92688618,0,0,96.06147935,56.85048323,0,63.0517024,0,0,0,0,0,0,0,0,0,0,0,0,58.61664713,0,68.82312457,88.26125331,0,0,0,0,0,0,125.3132832,0,0,0,0,0,0,68.58710562,0,0,80.45052293,0,0,0,0,0,0,0,106.9518717,0,0,0,54.2888165,0,0,0,179.5332136,0,64.18485237,94.33962264,65.78947368,0,0,0,0,212.7659574,0,107.2961373,0,0,0,411.946447,0,109.0512541,0,0,241.3515688,81.96721311,0,0,0,0,0,0,153.3742331,0,133.8688086,0,0,0,0,105.374078,0,0,0,0,0,0,0,0,46.12546125,0,0,212.6151665,231.6602317,0,0,0,0,153.1393568,0,0,0,0,56.33802817,0,272.1088435,0,54.43658138,0,0,0,0,0,0,58.37711617,302.2061046,169.0902942,0,0,0,0,0,0,0,0,0,0,0,0,0,0,0,0,1.029638134,0,0,0,0,0,0,0,0,0,0,0,0,0.712392785,0,0,3.154016956,0,0,0,0,0,0,0.561025555,0,0,0,0,0,0,0,0,0,0,0,0,0,0,0,0,0,0,0,0
8,0,0,0,0,0,0,0,0,0,0,0,0,0,0,0,0,0,0,0,0,0,0,0,0,0,0,0,0,0,0,0,0,0,0,0,0,0,0,0,0,0,0,0,0,0,0,0,0,0,0,0,0,0,0,0,0,0,0,0,0,0,0,0,0,0,0,0,0,0,0,0,0,0,0,0,0,0,0,0,0,0,0,0,0,0,0,0,0,0,0,0,0,0,0,0,0,0,0,0,0,0,0,0,0,0,0,0,0,0,0,0,0,0,0,0,0,0,0,0,0,0,0,0,0,0,0,0,0,0,0,0,0,0,0,0,0,0,0,0,0,0,0,0,0,0,0,0,0,0,0,0,0,0,0,0,0,0,0,0,0,0,0,0,0,0,0,0,0,0,0,0,0,0,0,0,0,3.6645921,0,0,0,1.433969299,4.280363831,0,0,1.295655667,0,0,0,0,0,1.563941759,0,0,0,0,0,0,0,0,0,0,0,0,0,0.538413081,0,0,0,0,0,0,0,0,0,0,0
4254313,0,0,0,100.9591116,0,0,0,0,0,0,0,0,0,0,0,0,0,0,0,0,0,0,0,0,42.49893753,0,0,0,0,0,0,0,0,0,0,0,0,0,0,0,0,0,0,0,0,0,0,0,0,0,0,0,0,0,0,0,0,0,0,0,0,0,0,0,0,0,0,0,0,0,0,0,0,0,0,0,0,0,0,0,0,0,0,0,0,0,0,0,0,0,0,0,0,0,0,0,0,0,0,0,0,0,0,0,0,0,0,0,0,0,0,0,0,0,0,0,0,0,0,0,0,0,0,0,0,0,0,0,0,0,0,0,0,0,0,0,0,0,0,0,0,0,56.33802817,0,0,0,0,0,0,0,0,0,0,0,0,0,47562.12916,0.59151997,0,5.365526492,37.80140589,0,22.45921611,10.04693353,0,87.89920891,7.832421001,0,0.893503337,0,0,4.590665647,5.663009735,5.917960164,1.873150264,1.306694194,0,6.573358683,27.36812474,0,0,3.210272873,5.479376995,0,1.295655667,7.123927849,32.91812604,0,42.8946306,0,0,0,6.480671398,0.528393209,32.16973064,0.561025555,35232.68716,60.43969881,0.874921257,0.831905229,0,6.486360265,5.162622612,0,0,27.75858666,65.63747112,55.71346283,1.642818419,0,8.456046677,0,27.7521338,1.732036615,8.070319383,2.978007415
107044,356.9303986,48.05382028,0,0,0,0,339.7508494,0,67.38544474,0,0,0,0,0,0,0,0,0,0,114.2857143,0,0,0,0,42.49893753,0,81.66598612,320.5128205,0,0,0,0,0,56.85048323,0,189.1551072,81.43322476,0,144.5086705,109.6491228,0,0,0,0,0,0,48.6381323,58.65102639,29.30832356,0,0,0,0,0,162.7780792,0,0,0,0,0,0,96.06147935,0,0,267.7376171,0,0,0,0,0,0,0,70.77140835,87.48906387,109.2896175,0,0,0,95.32888465,198.6097319,162.8664495,0,0,752.5870179,0,85.68980291,0,0,230.2631579,74.34944238,0,862.8954938,83.68200837,0,0,0,95.87727709,0,0,154.4799176,336.4171573,0,0,83.19467554,80.45052293,0,0,0,0,0,0,0,0,0,223.1146809,0,0,0,125.7071025,0,0,306.9838833,369.6857671,152.4390244,75.81501137,0,0,0,46.12546125,0,0,0,0,0,35.63791875,94.87666034,90.74410163,0,138.5041551,389.8635478,0,674.6237675,56.33802817,121.6545012,272.1088435,58.82352941,54.43658138,0,0,0,85.47008547,83.7520938,0,58.37711617,60.44122091,101.4541765,0,230.1012682,0,0.894254415,0,22.50746387,0,0,0,0,0,103.9333537,0,0,132.2672691,0,1.029638134,0,0,1.306694194,0,334.7356499,0,0,0,0,0,0,97.60606021,0,0,0,53.61828825,0,0,0,0,0,0,0,0,0,0,0,0,0,48.75810245,0,0,0.616857481,3.938248267,0,0,0,1.208006668,0,0,0,0,0
2987631,0,0,0,0,0,0,0,0,0,0,0,0,0,0,0,0,0,0,0,0,0,0,0,0,0,0,0,0,0,0,0,0,0,0,0,0,0,0,0,0,0,0,0,0,0,0,0,0,0,0,0,0,0,0,0,0,0,0,0,0,0,0,0,0,0,0,0,0,0,0,0,0,0,0,0,0,0,0,0,0,0,0,0,0,0,0,0,0,0,0,0,0,0,0,0,0,0,0,0,0,0,0,0,0,0,0,0,0,0,0,0,0,0,0,0,0,0,0,0,0,0,0,0,0,0,0,0,0,0,0,0,0,0,0,0,0,0,0,0,0,0,0,0,0,0,0,0,0,0,0,0,0,0,0,0,0,9541.663084,0,0,0,8.847137549,0,10.20873459,0.717638109,0,14.64986815,0,0,0,0,0,0.765110941,1.544457201,1.690845761,0,0,0,0,2.345839263,0,0,1.070090958,0.684922124,0,0,0,5.266900166,0,18.29329834,0,0,0,0,0,12.55404122,0,238.5977127,12.59160392,0,0,0,0.864848035,0,0,0,5.551717331,19.69124134,13.22014372,0,0,0,0,3.964590543,0,0,0
303006,0,0,0,0,0,0,0,0,0,0,0,0,0,0,0,0,0,0,0,0,0,0,0,0,0,0,0,0,0,0,0,0,0,0,0,0,0,0,0,0,0,0,0,0,0,0,0,0,14.65416178,0,0,0,0,0,0,0,0,0,0,0,0,0,0,0,0,0,0,0,0,0,0,0,0,0,0,0,0,0,0,0,0,0,0,0,0,0,0,0,0,0,0,0,0,0,0,0,0,0,0,0,0,0,0,0,0,0,0,0,0,0,0,0,0,0,0,0,0,0,0,0,0,0,0,0,0,0,0,0,0,0,0,0,0,0,0,0,0,0,0,0,0,0,0,0,0,0,0,0,0,0,85.47008547,0,0,0,0,0,470.8535175,0,0,0,0.804285232,0,1.361164612,0,0,2.441644692,0,0,0,0,0,0,0,0,0,0,0,0,0,0,0,0,0,0,0,0,0,0,1.892410174,0,0,0,0,0,0.784627577,0,0.725221011,1.259160392,1.749842514,0,0,0.216212009,0,0,0.538413081,0,0,3.777183921,0,0,0,0,0,0,0,0
593965,0,0,0,50.47955578,39.88831272,690.1840491,0,0,269.541779,156.25,0,0,0,203.0456853,0,708.4265474,0,0,103.626943,0,0,204.638472,65.83278473,0,0,0,0,0,0,51.85377236,0,167.7852349,96.06147935,0,0,189.1551072,81.43322476,88.10572687,0,0,0,0,0,235.8490566,77.24990344,0,48.6381323,0,29.30832356,0,137.6462491,176.5225066,0,49.85044865,0,0,0,0,0,85.91065292,0,0,112.4859393,61.84291899,0,0,0,0,0,149.2537313,0,0,70.77140835,174.9781277,0,0,0,147.4926254,0,0,54.2888165,219.7802198,0,188.1467545,89.76660682,171.3796058,128.3697048,0,0,74.34944238,0,0,0,0,158.7301587,0,95.87727709,198.8071571,72.46376812,0,0,0,0,83.19467554,80.45052293,0,79.30214116,207.9002079,367.3769287,196.0784314,149.1795127,104.4932079,0,117.9245283,0,334.7280335,67.34006734,58.89281508,125.7071025,316.1222339,0,0,0,76.2195122,303.2600455,0,0,0,0,0,80.38585209,0,0,0,0,189.7533207,0,0,0,0,0,51.89413596,0,0,0,0,0,226.2443439,63.69426752,93.6329588,170.9401709,0,0,0,0,0,0,0,0,0,0,0,0,0,0,0,0,0,0,0,0,0,0,0,0,0,0,0,0,0,0,0,0,0,0,0,0,0,0,0,0,0,0,0,0,0,0,0,0,0,0,0,0,0,0,0,0,0,0,0,0,0,0,0,0,0
509636,178.4651993,0,0,0,0,0,0,0,0,390.625,0,0,0,0,0,0,0,0,0,0,0,0,0,0,0,0,0,0,0,0,0,0,0,0,0,0,0,0,0,0,0,0,0,0,0,0,0,0,0,0,0,0,0,0,108.5187195,0,0,0,0,0,0,0,0,0,0,0,0,0,0,0,0,0,0,0,0,0,0,0,0,0,0,0,0,0,0,171.3796058,0,0,0,0,0,0,0,0,0,858.3690987,0,0,0,0,0,0,0,0,0,0,0,0,0,0,0,0,0,0,0,0,0,58.89281508,0,0,0,0,0,0,0,0,0,0,0,0,0,0,0,0,0,0,0,0,0,0,0,0,0,0,0,0,108.8731628,0,0,0,85.47008547,0,0,0,0,0,0,0,0,0,0,0,0,0,0,0,0,0,0,0,0,0,0,0,0,0,0,0,0,0,0,0,0,0,0,0,0,0,0,0,0,0,0,0,0,0,0,0,0,0,0,0,0,0,0,0,0,0,0,0,0,0,0,0,0,0
4434579,178.4651993,0,0,100.9591116,0,0,113.2502831,358.4229391,0,625,0,0,61.12469438,0,0,0,0,0,0,0,0,0,0,0,127.4968126,0,81.66598612,160.2564103,0,259.2688618,97.46588694,0,96.06147935,0,0,0,0,0,144.5086705,0,0,68.16632584,0,0,0,345.4231434,48.6381323,117.3020528,14.65416178,0,0,0,0,0,54.25935974,66.8002672,0,0,0,0,0,0,0,61.84291899,0,0,0,0,0,0,0,87.41258741,0,87.48906387,163.9344262,0,0,0,0,0,0,0,0,0,89.76660682,0,0,0,0,0,0,0,83.68200837,106.3829787,79.36507937,0,0,0,507.2463768,0,0,109.0512541,0,0,0,0,0,0,0,0,0,0,0,0,89.24587238,0,202.020202,0,62.85355123,0,0,76.74597084,184.8428835,0,0,271.00271,0,0,0,0,0,283.4868887,386.1003861,0,0,94.87666034,0,0,0,194.9317739,0,51.89413596,0,243.3090024,272.1088435,294.1176471,108.8731628,0,127.388535,0,170.9401709,0,0,58.37711617,90.66183137,0,0.573279445,0,1.023719583,9.836798569,0.804285232,1.323968463,5313.306065,0,0,2.441644692,2752.660847,1074.783674,0.893503337,4.485863921,1.48614909,0,3.603733468,5.072537283,0,57.49454455,2.4430614,3.033857854,0,0,0.716984649,0,5.479376995,0,0.431885222,30753.28413,5157.611987,0,1.261606782,0,0.781970879,0,6.480671398,0,0.784627577,2.805127774,7.252210111,0,0,4.159526147,2.843453659,0,8.030746286,3.631543588,0,1.233714963,2.625498845,1.88859196,0,1.621428803,1494.304249,1.643034356,1.699110233,0,3.362633076,8.934022246
187443,0,0,0,0,0,0,0,0,0,0,0,0,0,0,0,0,0,0,0,0,0,0,0,0,0,0,0,0,85.32423208,0,0,0,0,0,0,0,81.43322476,0,0,0,0,0,0,0,0,0,0,0,0,0,0,0,0,0,0,0,0,0,0,0,0,0,0,0,0,0,0,0,80.45052293,0,0,0,0,0,0,0,106.9518717,0,0,0,0,0,0,0,89.76660682,0,0,0,0,0,0,0,0,0,0,0,0,0,0,0,0,0,0,0,0,0,0,0,0,0,0,0,0,0,0,0,0,0,62.85355123,105.374078,0,0,0,0,0,0,55.34034311,0,0,0,0,0,0,0,0,0,0,0,0,0,0,0,0,0,0,0,0,0,0,0,0,0,0,0,90.66183137,67.63611769,0,0,0,0,0,0,0,0,0,0,0,0,0,0,0.743074545,0,0,0,0,0,0,0,0,0,0,0,0,0,0,0,0,0,0,0,0,0,0,0,0,0,0,0,0,0,0,0,0,0,0,0,0,0,0,0,0,0,0,0,0,0
9,0,0,0,0,0,0,0,0,0,0,0,0,0,0,0,0,0,0,0,0,0,0,0,0,0,71.8907261,0,0,0,0,97.46588694,0,0,0,0,0,0,0,0,0,0,0,0,0,0,0,0,0,14.65416178,0,0,0,0,0,0,0,0,0,0,0,0,0,0,0,0,0,0,0,0,0,0,0,0,0,0,0,0,0,0,0,0,0,0,0,269.2998205,0,0,0,0,0,0,0,0,0,79.36507937,0,0,0,0,0,0,0,0,0,0,0,0,0,0,0,0,0,0,0,0,0,0,0,0,0,0,76.74597084,0,0,0,0,0,0,0,0,0,0,0,0,0,0,0,0,0,0,0,0,0,0,0,0,0,0,0,0,0,0,0,0,30.22061046,0,0,4.140639788,0,0,0,0,0,0,0,7.324934076,0,0,0,0,0,0,0,0,0,0,0,0,0,0,3.584923247,0,0,0,0,0,0,0,0,0,0,0,0,0,0,0,0,0,0,0,0,0,0,0,0,0,0,0,0,0,0,0,0,0,0,0
4318284,0,0,0,0,0,0,226.5005663,0,0,0,0,0,0,0,0,0,0,0,0,0,0,0,0,80.45052293,0,0,0,0,0,129.6344309,0,0,0,0,0,0,0,0,0,0,0,0,0,0,0,172.7115717,48.6381323,0,0,0,0,0,0,0,0,0,0,0,125.3132832,0,0,0,0,0,0,68.58710562,0,0,0,0,0,0,0,0,0,0,0,0,0,0,0,0,0,0,0,0,0,0,32.89473684,0,0,0,0,0,0,0,0,0,0,0,0,0,0,0,0,81.96721311,0,0,0,0,0,0,0,0,0,0,0,0,0,0,0,76.74597084,0,0,0,0,0,0,0,0,0,0,0,0,0,0,0,0,0,0,0,0,0,0,0,0,0,0,0,0,0,0,0,0,0,473.4528238,0,0,0,0,0,0,0,0,0,92.78249829,115.745777,0,0,0,0,0,0,0,0,0,0,0.505642976,0,0,0,0,0,0,0,4.986749494,0,0,0,0,0,0,0,0,0,0,15.95486224,0,0,0,0,0,0,0,15.61397936,0,0,0,0,0,12.08006668,0,1.132740155,0,383.3401707,0
331532,0,0,0,0,0,0,0,0,0,0,0,0,0,0,0,0,0,0,103.626943,0,99.20634921,0,0,0,0,0,40.83299306,0,0,0,0,0,0,0,0,63.0517024,0,0,0,0,0,0,0,78.6163522,0,0,0,0,0,0,0,0,0,0,0,0,0,0,0,0,0,0,0,0,0,0,0,0,0,149.2537313,99.8003992,87.41258741,0,0,0,0,0,0,95.32888465,0,0,73.26007326,0,0,0,0,64.18485237,0,0,0,0,0,0,0,0,0,95.87727709,0,0,0,0,0,0,83.19467554,0,0,79.30214116,0,0,0,0,0,0,0,0,83.68200837,0,0,62.85355123,0,0,0,0,0,0,0,0,0,0,0,80.38585209,0,0,0,35.63791875,0,0,0,0,0,0,0,0,0,0,0,0,0,0,0,0,0,0,0,0,0,0,0,0,0,0,0,0,0,0,0,0,0,0,0,0,0,0,0,0,0,0,0,0,0,0,0,0,0,0,0,0,0,0,0,0,0,0,0,0,0,0,0,0,0,0,0,0,0,0,0,0,0,0,0,0,0,0,0,0,0
364048,59.48839976,144.1614608,0,0,159.5532509,76.68711656,0,134.4086022,0,0,0,478.4688995,0,304.5685279,357.1428571,37.28560776,51.57297576,80.25682183,207.253886,0,99.20634921,0,0,80.45052293,42.49893753,0,0,0,0,77.78065854,0,83.89261745,96.06147935,56.85048323,0,0,162.8664495,176.2114537,0,109.6491228,0,0,0,78.6163522,0,0,48.6381323,0,43.96248535,0,68.82312457,88.26125331,0,0,0,0,0,473.9336493,0,85.91065292,261.7801047,0,0,0,0,137.1742112,0,0,0,0,199.6007984,0,0,174.9781277,54.64480874,54.91488193,106.9518717,0,190.6577693,198.6097319,54.2888165,0,0,94.07337723,0,0,0,0,98.68421053,0,82.50825083,0,83.68200837,425.5319149,79.36507937,0,95.87727709,0,0,51.49330587,0,109.0512541,0,83.19467554,0,0,79.30214116,103.950104,0,0,49.72650423,0,0,0,0,167.3640167,0,58.89281508,0,105.374078,687.7579092,76.74597084,0,76.2195122,75.81501137,0,0,0,46.12546125,0,80.38585209,0,0,185.1851852,35.63791875,0,0,0,0,0,0,0,0,0,136.0544218,0,54.43658138,0,0,93.6329588,170.9401709,0,0,0,0,33.81805884,0,0,0,0,0,0,0,0,0,0,0,0,0,0,0,0.765110941,0,0,0,0,0,0,0,0,0,0,0,0,0.431885222,0,0,0,0,0,0,0,0,0,0,0,0,1.259160392,0,0,0,0,0,0,0,0,0,0,0,0,0,0,0,0.866018308,0,0
179814,0,0,0,0,0,0,0,0,0,0,0,0,0,0,0,0,0,0,0,0,0,0,0,0,0,71.8907261,40.83299306,0,0,0,0,0,0,0,0,0,0,0,0,0,0,0,0,0,0,0,0,0,14.65416178,0,0,0,0,0,0,0,0,0,0,0,0,0,0,0,0,0,58.85815185,0,0,0,0,0,0,0,0,0,0,0,0,0,0,0,0,0,0,0,0,0,0,0,0,0,0,0,0,0,0,0,0,0,0,0,0,0,0,0,0,0,0,0,0,0,153.3742331,0,0,0,0,0,62.85355123,0,0,0,0,0,0,0,0,0,0,0,0,0,0,0,0,0,0,0,0,0,0,0,0,0,0,0,0,0,0,0,85.47008547,0,0,0,30.22061046,0,0,0,0,0,0,0,0,0,0,0,0,0,0,0,0,0,0,0,0,0,0,0,0,0,0,0,0,0,0,0,0,0,0,0,0,0,0,0,0,0,0,0,0,0,0,0,0,0,0,0,0,0,0,0,0,0,0,0,0,0
590951,0,0,0,0,0,0,0,0,67.38544474,0,0,0,0,0,0,0,0,0,0,0,0,68.21282401,0,0,0,0,40.83299306,0,0,25.92688618,0,251.6778523,96.06147935,56.85048323,0,0,0,0,0,0,102.0408163,0,0,78.6163522,38.62495172,0,0,0,29.30832356,0,0,88.26125331,0,0,0,0,0,0,0,0,0,0,0,61.84291899,0,0,0,71.78750897,0,149.2537313,0,0,0,0,0,0,0,0,0,99.30486594,0,73.26007326,0,0,89.76660682,0,0,0,32.89473684,0,82.50825083,95.87727709,0,106.3829787,0,0,0,0,0,0,0,0,0,0,0,0,0,103.950104,73.47538575,0,0,104.4932079,0,0,0,0,0,0,0,0,137.5515818,0,0,0,0,0,0,75.13148009,46.12546125,0,0,0,0,0,35.63791875,0,0,0,0,0,0,0,0,0,0,0,54.43658138,75.4147813,63.69426752,0,0,0,0,0,0,33.81805884,0,0,0,0,0,0,0,0,0,0,0,0,0,0,0,0,0,0,0,0,0,0,0,0,0,0,0,0,0,0,0,0,0,0,0,0,0,0,0,0,0,0,0,0,0,0,0,0,0,0,0,0,0,0,0,0,0,0,0,0
10,0,0,0,0,0,0,0,0,0,0,0,0,0,0,0,0,0,0,0,0,0,0,0,0,0,0,40.83299306,0,0,0,0,0,0,0,0,63.0517024,0,0,0,0,0,0,0,0,0,0,0,0,0,0,0,0,0,0,0,0,0,0,0,85.91065292,0,0,0,0,0,0,0,0,0,0,0,0,70.77140835,0,0,0,0,0,0,0,0,0,0,0,0,0,0,0,0,0,0,0,0,0,0,0,95.87727709,0,0,0,0,0,0,0,0,0,0,0,0,0,0,0,0,0,0,0,0,0,0,0,0,0,0,0,0,0,0,0,0,0,80.38585209,0,0,0,0,0,90.74410163,0,0,0,0,0,0,0,0,0,0,0,0,0,0,0,0,0,0,0,0,0,0,0,0,0,0,0,0,0,0,0,0,0,0,0,0,0,0,0,0,0,0,0,0,0,0,0,0,0,0,0,0,0,0,0,0,0,0,0,0,0,0,0,0,0,0,0,0,0,0,0,0,0,0,0,0,0,0,0
360385,0,0,0,0,0,0,0,0,0,0,0,0,0,0,0,0,0,0,0,0,0,0,0,0,0,0,0,0,0,0,0,0,0,0,0,0,0,0,0,0,0,0,0,0,0,0,0,0,0,0,0,0,0,0,0,0,0,0,0,0,0,0,0,0,0,0,0,0,0,0,0,0,0,0,0,0,0,0,0,0,0,0,0,0,0,0,0,0,0,0,0,0,0,0,0,0,0,0,0,0,0,0,0,0,0,0,0,0,0,0,0,0,0,0,0,0,0,0,0,0,0,0,0,0,0,0,0,0,0,0,0,0,0,0,0,0,0,0,0,0,0,0,0,0,0,0,0,0,0,0,0,0,0,0,0,0,0.191093148,0,0,0,0,0,0,0.717638109,0,0,0,0,0,0,0,0,0,0,0,0,0,0,3.909732105,4.041669614,0,1.070090958,0,0,0,0,0,0,0.630803391,0,0.781970879,0,0,0,0,0.561025555,0,0,0,0,0,0,0,0,0,0,0,0,0,0,0,0,0,0,0,5.95601483
4295707,237.953599,0,0,0,0,0,0,224.0143369,0,0,0,0,61.12469438,0,0,0,0,160.5136437,0,0,0,0,197.4983542,160.9010459,0,0,0,160.2564103,0,0,0,0,0,0,0,0,0,0,0,0,102.0408163,0,0,0,0,0,291.8287938,0,0,0,0,0,0,348.9531406,0,267.2010688,0,0,250.6265664,0,0,0,337.4578178,0,0,0,176.5744556,0,0,0,0,0,1273.88535,0,0,0,0,294.9852507,0,0,0,0,0,0,0,257.0694087,64.18485237,0,0,0,0,0,0,0,476.1904762,0,0,0,0,411.946447,84.10428932,0,0,0,0,0,0,0,0,0,0,0,0,0,44.62293619,0,0,176.6784452,0,0,962.8610729,0,0,0,0,0,0,0,0,0,723.4726688,0,0,0,106.9137562,0,362.9764065,0,0,0,602.4096386,51.89413596,112.6760563,364.9635037,0,0,272.1829069,0,63.69426752,0,0,0,98.61932939,0,0,67.63611769,0.191093148,0,2.047439165,0,0,0,0.680582306,0,0,0,0,1381.749625,0,1.68219897,1.48614909,1.530221882,0,0,0.936575132,0,0.61076535,0,2.345839263,2247.168305,1.433969299,1.070090958,0,1.389738173,0.431885222,0,0,2446.559244,0,0.999560194,3.127883518,0,0,0.528393209,0,0,0,0,0,0.831905229,7.108634147,0,0,0,877.6133225,0,0,0.94429598,0,2399.714629,0,2545.060217,0,0,0,939.5613395
4404220,0,0,0,0,0,0,0,0,0,0,0,0,0,0,0,0,0,0,0,0,0,0,0,0,0,0,0,0,0,0,0,0,0,0,0,0,0,0,0,0,0,0,0,0,0,0,0,0,0,0,0,0,0,0,0,66.8002672,0,0,0,0,0,0,0,0,0,0,0,0,0,0,0,0,0,0,0,0,0,0,0,0,0,0,0,0,0,0,0,0,0,0,0,0,0,0,0,0,0,0,0,0,0,0,0,0,0,0,0,0,0,0,0,0,0,0,0,0,0,0,0,0,0,0,0,0,0,0,0,0,0,0,0,0,0,0,0,0,0,0,0,0,0,0,0,0,0,0,0,0,0,0,0,0,0,0,0,0,0,0,4.094878331,0,0,0,0,0,0,0,0,0,0,0,0,0,0,0,6.556025924,0,0,0,0,0,0,0,0,2.779476347,0,0,0,0,0,0,0,0,0,8.454291345,0,0,0,0,0,0,0,0,0,0,0,0,0,0,0,0,0,0,0,0,0,0
11,1427.721594,672.7534839,6231.454006,1161.029783,9892.301556,460.1226994,226.5005663,224.0143369,1347.708895,312.5,160,8133.971292,122.2493888,710.6598985,1607.142857,2609.992543,412.5838061,1765.65008,1554.404145,0,496.031746,1637.107776,394.9967084,2654.867257,849.9787505,287.5629044,408.3299306,0,853.2423208,881.5141302,194.9317739,3523.489933,1633.045149,1364.411597,110.4972376,63.0517024,244.2996743,1497.797357,1878.612717,657.8947368,1428.571429,477.1642808,1792.573624,78.6163522,695.2491309,690.8462867,2918.287938,527.8592375,630.1289566,2564.102564,275.2924983,1853.48632,2092.352092,997.0089731,217.037439,668.002672,1785.714286,16172.98578,2756.892231,11941.58076,1919.720768,480.3073967,224.9718785,1422.387137,669.3440428,823.0452675,412.007063,502.5125628,29605.79244,447.761194,499.001996,1486.013986,778.4854919,174.9781277,2786.885246,54.91488193,534.7593583,294.9852507,1525.262154,1986.097319,217.155266,1831.501832,488.997555,2351.834431,0,1713.796058,1091.14249,94.33962264,2302.631579,1412.639405,165.0165017,1342.281879,418.4100418,212.7659574,1666.666667,321.888412,287.6318313,198.8071571,289.8550725,51.49330587,420.5214466,4034.896401,101.9367992,2163.061564,160.9010459,737.704918,1823.949247,519.7505198,1763.409258,2647.058824,248.6325211,3970.741902,536.809816,0,2008.032129,4853.556485,0,353.3568905,188.5606537,842.9926238,3026.134801,690.7137375,369.6857671,1829.268293,833.9651251,8130.081301,276.7017156,525.9203606,276.7527675,0,4340.836013,70.87172218,231.6602317,3796.296296,1069.137562,0,1451.905626,0,692.5207756,584.7953216,1204.819277,207.5765439,0,1581.508516,680.2721088,3176.470588,2340.772999,1357.466063,10127.38854,1591.7603,683.7606838,83.7520938,1775.147929,992.4109749,362.6473255,5241.799121,3128.194839,1385.931289,8310.555573,2427.006483,1813.663198,1566.254692,485.2551843,472.205876,79.48128007,1347.78787,110.524163,66.87184776,3821.513773,2886.0927,303.1744145,543.9938791,1353.974146,127.658855,1228.786573,7299.19377,4472.634658,323.6115044,9802.480334,870.9798018,496.870362,6803.638309,1690.387803,933.9040525,2865.126564,172.3990539,3528.164749,780.793771,1112.737182,393.8267162,344.8491578,3410.12808,3710.184375,4244.582649,1211.464978,172.2348453,9452.530659,1453.071092,15360.99251,638.0713109,268.7063708,593.2857523,122.1820685,7152.325096,999.8330919,584.7808922,501.4702794,5040.651942,351.5631417,4771.864967,730.8440343,1544.452294,81.55729117,15331.1221,212.5184104,364.8059084
4444529,178.4651993,0,0,0,39.88831272,0,113.2502831,0,0,0,0,478.4688995,244.4987775,0,0,74.57121551,0,0,0,114.2857143,99.20634921,0,0,0,0,71.8907261,122.4989792,320.5128205,0,25.92688618,194.9317739,0,96.06147935,0,0,945.7755359,325.732899,0,144.5086705,109.6491228,0,68.16632584,0,0,38.62495172,0,0,58.65102639,29.30832356,0,0,264.7837599,0,0,0,133.6005344,0,0,0,0,0,96.06147935,0,0,0,68.58710562,0,0,80.45052293,0,0,0,0,0,54.64480874,0,106.9518717,0,0,397.2194638,162.8664495,0,81.4995925,94.07337723,89.76660682,0,0,0,65.78947368,669.1449814,165.0165017,958.7727709,0,0,79.36507937,214.5922747,95.87727709,198.8071571,0,411.946447,84.10428932,0,0,0,80.45052293,0,0,103.950104,0,0,49.72650423,0,0,0,267.7376171,0,0,0,125.7071025,0,0,844.2056792,0,228.6585366,75.81501137,0,110.6806862,0,46.12546125,0,0,0,154.4401544,92.59259259,0,0,0,0,0,194.9317739,0,51.89413596,0,0,0,58.82352941,54.43658138,0,63.69426752,93.6329588,0,0,0,0,0,169.0902942,0,0,0,0,0,0,0,0,0,0,0,0,0,0,0,0.765110941,0,0,0,0,0,0,0,0,0,0,0,0,0,0,0,0,0,0,0,0,0,0,0,0.561025555,0,0,0,0,0,0,0,0,0,0,0,0,0,0,0,0,0.566370078,0,0,0
183030,0,0,0,0,0,0,0,0,0,0,0,0,0,0,0,0,0,0,0,0,0,0,0,0,0,71.8907261,40.83299306,0,0,0,0,0,0,0,0,0,0,0,0,0,306.122449,0,0,0,38.62495172,0,0,0,0,0,0,0,0,0,0,0,0,0,0,0,0,0,0,61.84291899,0,0,0,0,0,149.2537313,0,0,0,0,0,0,0,0,190.6577693,0,0,146.5201465,0,0,0,0,0,0,0,0,0,0,0,0,0,0,0,0,0,0,0,0,0,0,0,0,0,0,0,0,0,104.4932079,0,0,0,0,0,0,0,0,0,0,0,0,75.81501137,0,0,0,0,0,80.38585209,0,0,0,71.27583749,0,0,0,0,0,0,0,0,0,0,0,0,75.4147813,0,0,0,83.7520938,0,0,0,0,0,3.549119818,0,0,0,80.76207625,0,0,0,0,0,0,0,0,0,0,0,0,0,0,0,0,0,0,0,0,4.79445487,0,4.318852222,0.712392785,9.21707529,0.360477272,0,0.999560194,0.781970879,0,0,31.17519934,49.43153732,0,0,0,0,0.831905229,0,0,0.573624735,0,0,2.467429925,1.312749422,0,0,0,0,0,0,0,0,0
4465472,0,0,0,0,0,0,0,0,0,0,0,0,0,0,0,0,0,0,0,0,0,0,0,0,0,0,0,0,0,0,97.46588694,0,0,0,0,0,0,0,0,0,0,0,0,0,0,0,0,0,0,0,0,0,649.3506494,0,0,0,0,0,0,0,0,0,0,0,0,0,0,0,0,0,0,0,0,0,0,0,0,0,0,0,0,0,0,0,0,0,0,0,0,0,0,0,0,0,0,0,0,0,0,0,0,0,0,0,0,0,0,0,0,0,0,0,306.7484663,0,0,0,0,0,0,0,0,76.74597084,0,0,0,0,0,75.13148009,0,0,0,0,0,0,0,0,0,0,0,0,0,0,0,0,0,0,0,0,0,0,0,0,0,0,30.22061046,101.4541765,0.191093148,0,0,0,0,0,0,0,0,0,0,0,0,0,0,0,0,0.845422881,0,0,0,0,0,0,0,0,0,0,0,0,0,0,0,0,0,0,0.810083925,0,0,0,0,0,0,0,0,0,0,0,0,0,0,0,0,0,0,0,0.566370078,0,0.672526615,0
145735,0,0,0,0,0,0,0,0,0,0,0,0,0,0,0,0,0,0,0,0,0,0,0,0,0,0,0,0,0,0,0,0,0,0,0,0,0,88.10572687,0,0,0,0,0,0,77.24990344,0,0,0,0,0,0,0,0,0,0,0,0,0,0,0,0,0,0,0,0,0,0,0,0,0,0,0,70.77140835,0,0,0,0,0,0,0,0,0,0,0,0,0,0,0,0,0,0,0,0,0,0,0,0,0,0,0,0,0,0,0,0,0,0,0,0,0,0,0,0,0,0,0,0,58.89281508,0,0,0,0,0,0,0,0,0,0,0,0,0,70.87172218,0,0,142.551675,0,0,0,0,0,0,0,0,0,0,0,0,0,0,0,0,0,0,0,0,0,0,0,0,0,0,0,0,0,0,0,1.740538,0,0,0,0,0.765110941,0.514819067,0,2.809725396,0,0,0,1.563892842,0,0,0,0,0,0,0,0,0.720954544,0,0,0.781970879,0,0,0.528393209,2.35388273,0.561025555,0,0,0,0,0,0,0,1.815771794,0,0.616857481,0,0,0,1.621428803,0,0,0,1.732036615,0,5.95601483
4406925,0,0,0,0,0,0,0,0,0,0,0,0,0,0,0,0,0,0,0,114.2857143,0,0,65.83278473,0,0,0,0,320.5128205,0,0,0,0,0,0,0,0,81.43322476,0,0,0,102.0408163,0,0,0,0,0,0,0,0,0,0,0,0,49.85044865,0,0,0,0,0,0,0,96.06147935,0,0,0,342.9355281,0,0,0,0,0,0,0,0,0,0,0,0,0,0,0,0,0,0,0,0,0,0,32.89473684,0,0,0,83.68200837,0,0,0,0,0,0,51.49330587,0,0,0,0,0,163.9344262,0,0,0,0,0,0,153.3742331,0,44.62293619,0,0,0,62.85355123,0,0,0,0,0,0,0,0,0,0,0,0,0,0,0,0,0,0,0,0,0,0,0,0,0,0,0,0,0,0,0,0,0,98.61932939,0,30.22061046,67.63611769,0,0,0,0,0,0,0,0,0,0,0,0,0,0,0,0,0,0,0,0,0,0,0,0,0,0,0,0,0,0,0,0,0,0,0,0,0,0,0,0,0,0,0,0,0,0,0,0,0,0,0,0,0,0,0,0,0,0,0,0
2550809,0,0,0,0,0,0,226.5005663,0,0,0,0,0,0,0,0,0,0,0,0,0,0,0,0,0,0,0,0,0,0,0,0,0,0,0,0,0,0,0,0,0,0,0,0,0,0,172.7115717,0,0,0,0,0,0,0,0,0,0,0,0,0,0,0,0,0,0,0,68.58710562,58.85815185,0,0,0,0,0,0,0,0,54.91488193,0,0,0,0,0,0,0,0,0,0,128.3697048,0,0,0,0,0,0,0,0,0,0,0,0,0,0,0,0,0,0,0,0,0,0,0,0,0,0,0,89.24587238,0,0,0,0,105.374078,0,0,0,0,0,0,0,0,46.12546125,0,0,0,0,0,0,0,0,0,0,0,0,0,0,0,0,117.6470588,0,0,0,0,0,0,197.2386588,58.37711617,0,0,0,0.59151997,0,0,0,0,0,0,0,0,0,0,0,0,0,0,0,0,0,0,0,0,0,0,0,0,0,0,0,0,0,0,0,0,0,0,0,0,0,0,0,0,0,0,0,0,0,0,0,0,0,0,0,0,0,0,0,0,0,0
4427290,0,240.2691014,0,50.47955578,558.4363781,0,0,89.60573477,0,0,0,0,0,0,0,0,0,160.5136437,0,228.5714286,0,0,0,0,0,71.8907261,0,0,170.6484642,362.9764065,0,0,384.2459174,0,0,0,0,0,0,0,0,204.4989775,0,78.6163522,77.24990344,0,0,58.65102639,0,0,0,353.0450132,0,0,54.25935974,66.8002672,0,0,0,85.91065292,0,0,0,0,0,0,0,0,0,149.2537313,0,0,141.5428167,437.4453193,218.579235,0,0,0,95.32888465,0,0,0,0,94.07337723,0,0,0,0,0,0,0,0,0,0,0,0,0,0,0,0,0,109.0512541,203.8735984,0,0,0,79.30214116,103.950104,293.901543,0,0,0,0,0,0,0,0,235.5712603,0,105.374078,825.3094911,0,0,0,0,0,0,0,0,0,80.38585209,0,0,185.1851852,35.63791875,0,0,0,0,0,0,0,0,0,0,0,0,0,127.388535,93.6329588,512.8205128,0,0,0,90.66183137,33.81805884,0,472.0329358,1.023719583,0,1.608570463,678.5338373,80.98929444,901.3534655,1.394408422,2.441644692,242.805051,37.06150599,0.893503337,1.68219897,0,0.765110941,0,0,0.936575132,0,2.4430614,0,3.127785684,2.020834807,2.867938597,1.070090958,0,1.389738173,0.431885222,193.7708375,1286.440366,0,0,522.7699812,0.781970879,0,0,1689.801483,0,2.805127774,0,0,0,0,2573.325561,0.648636027,0,1.815771794,1.076826163,0,5.25099769,0,0,3125.304018,0,0,0,7.794164769,0,0
190351,0,0,0,0,0,306.7484663,0,89.60573477,0,0,0,0,0,0,0,0,0,0,0,0,99.20634921,0,0,0,0,0,0,0,0,0,0,0,96.06147935,56.85048323,0,0,81.43322476,0,0,0,0,0,0,0,0,0,48.6381323,58.65102639,0,0,0,0,0,0,0,0,0,0,0,0,87.2600349,0,0,0,0,0,0,0,0,0,0,0,0,0,0,0,0,0,0,0,0,0,0,0,89.76660682,0,0,0,0,0,0,0,0,0,0,0,0,0,0,0,0,0,0,0,0,0,79.30214116,0,0,196.0784314,0,0,0,0,0,0,0,0,0,0,137.5515818,0,0,76.2195122,0,0,0,0,0,0,0,0,0,0,0,0,0,0,0,0,0,0,0,0,0,0,0,0,0,93.6329588,0,0,0,58.37711617,0,0,0,0,0,0,0,0,0,0,0,0,0,0,0,0,0,0,0,0,0,0,0,0,0,0,0,0,0,0,0,0,0,0,0,0,0,0,0,0,0,0,0,0,0,0,0,0,0,0,0,0,0,0,0,0,0,0,0,0,0,0
851704,59.48839976,0,0,0,0,0,0,0,0,0,0,0,0,0,0,0,0,0,0,0,0,0,0,0,0,0,0,0,0,0,0,0,0,0,0,0,0,0,0,0,0,0,0,0,0,0,0,0,0,0,0,0,0,0,0,0,0,0,751.8796992,0,0,0,0,0,0,0,0,0,0,0,0,0,0,0,0,0,0,0,0,0,0,0,0,0,0,0,0,0,0,0,0,0,0,0,0,0,0,0,0,0,0,0,0,0,0,0,0,0,0,0,0,0,0,0,0,0,0,0,0,0,0,0,0,0,0,0,0,0,0,0,0,0,0,0,0,0,0,0,0,0,0,0,0,0,0,0,0,0,0,0,0,0,0,0,0,33.81805884,0,7.098239637,0,2.682763246,0,0,25.86212764,0,4.183225267,24.41644692,1.740538,0,0,1.12146598,0,3.825554705,0,0.845422881,0,0,0,0,3.909732105,0,0,0,0.684922124,0,0,0,13.82561294,0.360477272,0,0,1.563941759,1.002978847,0,1.056786418,7.061648189,0,10.87831517,0,0,0,0,0,0,0,0,0,0,0,0,0,0,0,6.230070853,1.732036615,932.7944153,0
197504,0,144.1614608,0,0,0,306.7484663,0,0,336.9272237,78.125,0,0,0,101.5228426,0,633.8553318,0,0,207.253886,228.5714286,99.20634921,682.1282401,65.83278473,0,42.49893753,71.8907261,40.83299306,0,0,25.92688618,97.46588694,83.89261745,288.184438,0,0,189.1551072,0,88.10572687,144.5086705,0,0,0,0,157.2327044,0,172.7115717,243.1906615,175.9530792,14.65416178,512.8205128,206.4693737,176.5225066,0,49.85044865,0,0,0,0,0,429.5532646,0,0,112.4859393,0,0,68.58710562,0,0,80.45052293,0,199.6007984,0,0,0,0,54.91488193,0,0,95.32888465,0,108.577633,293.040293,244.4987775,188.1467545,0,0,0,0,0,0,0,95.87727709,0,0,0,0,0,0,144.9275362,51.49330587,84.10428932,0,0,83.19467554,0,0,79.30214116,415.8004158,293.901543,392.1568627,49.72650423,208.9864159,0,0,0,83.68200837,134.6801347,0,0,0,0,0,0,152.4390244,151.6300227,0,55.34034311,0,0,0,0,0,77.22007722,0,35.63791875,0,0,0,0,194.9317739,0,51.89413596,56.33802817,0,0,176.4705882,0,0,0,280.8988764,256.4102564,0,0,0,0,0,0,0,1.023719583,0,0,0,0,0,0,0,0,0,0,0,0,0,0,0,0.936575132,0,0,0,0,0,0,0,0,0,0.431885222,0,0,0.720954544,0.630803391,0,0,0,0,0,0.784627577,0,0,0,2.624763771,0,0,5.62151223,0,0,0,0,0,0,0,0,0,0,0,0,0,0
299135,0,0,0,0,0,0,0,0,0,0,0,0,0,0,0,0,0,0,0,0,0,0,0,0,0,0,40.83299306,0,0,0,0,0,0,0,0,63.0517024,0,0,0,0,0,0,0,0,0,0,0,0,14.65416178,0,0,88.26125331,0,0,0,0,0,0,0,0,0,0,0,0,0,0,0,71.78750897,0,0,0,0,0,0,0,54.91488193,0,0,0,0,0,0,0,0,0,85.68980291,0,0,0,0,0,0,0,0,0,0,0,198.8071571,0,0,0,0,0,0,0,0,0,0,0,0,0,0,0,117.9245283,0,0,67.34006734,0,62.85355123,0,0,0,0,0,0,0,0,0,0,0,0,0,0,0,0,0,0,0,0,0,0,0,0,0,0,0,0,0,0,0,85.47008547,0,98.61932939,0,0,0,0,0,0,0,0,0,0,0,0,0,0,0,0,0,0,0,0,0,0,0,0,0,0,0,0,0,0,0,0,0,0,0,0,0,0,0,0,0,0,0,0,0,0,0,0,0,0,0,0,0,0,0,0,0,0,0,0,0,0,0
146564,0,0,0,0,0,0,0,0,0,0,1920,0,0,0,0,74.57121551,0,0,0,0,0,0,0,0,0,0,0,0,0,0,0,0,0,0,0,0,0,0,0,0,0,0,0,0,0,0,0,0,0,0,412.9387474,0,0,0,0,0,0,0,0,0,0,0,0,0,0,0,0,0,0,0,0,0,0,0,54.64480874,0,0,0,0,0,0,0,0,0,0,0,0,94.33962264,0,0,0,0,0,0,0,0,191.7545542,0,0,0,0,0,0,0,0,0,0,0,0,0,0,0,0,0,0,0,0,58.89281508,0,0,0,0,0,0,0,0,0,0,0,0,0,0,0,0,498.9308624,0,0,0,0,0,0,0,394.3661972,0,0,0,0,0,0,93.6329588,0,0,0,0,0,0,0,0,0,0,0,1.985952695,310.3455316,20.81150517,0,0,0,38.67287581,215.3343043,86.91361348,0,0,0,0,0,1.306694194,3.6645921,0,0,1.010417403,0,0,0,0,0,449.5198473,0,26.31484085,0,14.9934029,1.563941759,0,0,0,0,1.122051109,0,0,0,0,14.21726829,0,0.573624735,0,0,0,0,0,0,0.810714402,0,0,0,0,0,0
197194,59.48839976,48.05382028,0,0,0,76.68711656,0,44.80286738,0,0,160,0,0,203.0456853,892.8571429,223.7136465,154.7189273,0,207.253886,114.2857143,198.4126984,68.21282401,0,0,0,0,81.66598612,0,0,25.92688618,0,167.7852349,96.06147935,0,220.9944751,63.0517024,0,88.10572687,0,0,102.0408163,0,0,0,0,0,0,0,58.61664713,0,0,353.0450132,0,0,54.25935974,0,0,0,0,85.91065292,174.5200698,0,0,309.2145949,0,0,0,0,0,0,199.6007984,262.2377622,0,0,109.2896175,109.8297639,0,0,0,99.30486594,0,219.7802198,0,188.1467545,89.76660682,0,0,0,131.5789474,223.0483271,82.50825083,95.87727709,0,638.2978723,79.36507937,0,383.5091083,0,144.9275362,0,0,0,0,83.19467554,0,81.96721311,0,0,0,392.1568627,0,0,0,0,0,251.0460251,0,58.89281508,62.85355123,105.374078,962.8610729,0,0,0,75.81501137,0,0,0,0,0,160.7717042,141.7434444,0,277.7777778,71.27583749,0,362.9764065,0,0,194.9317739,0,0,0,0,136.0544218,58.82352941,0,150.8295626,0,0,0,0,0,0,0,67.63611769,0,0,0,0,0,0,0,0,0,0,0,0,0,0,0,0,0,0,0,0,0,0,0,0,0,0,0,0,0,0,0,0,0,0,0,0,0,0,0,0,0,0,0,0,0,0,0,0,0,0,0,0,0,0,0,0,0,0,0,0
182771,0,0,0,0,0,0,0,0,0,0,0,0,0,0,0,0,0,0,0,0,0,0,0,0,0,0,0,0,0,0,0,0,0,0,0,126.1034048,0,0,0,0,0,0,0,0,0,0,0,0,29.30832356,0,0,0,0,0,0,0,0,0,0,0,0,0,0,0,0,0,0,0,0,0,0,0,0,0,0,0,0,0,0,0,0,0,0,0,89.76660682,0,0,0,0,0,0,95.87727709,0,0,0,0,0,0,0,0,0,0,0,0,0,0,0,0,0,0,0,0,230.0613497,0,0,0,0,0,0,0,0,0,0,0,0,0,0,0,0,0,0,0,0,0,0,0,0,0,0,0,0,51.89413596,0,0,0,0,0,0,0,0,85.47008547,0,0,0,30.22061046,0,0,0,0,0,0,0,0,0,0,0,0,0,0,0,0,0,0,0,0,0,0,0,0,0,0,0,0,0,0,0,0,0,0,0,0,0,0,0,0,0,0,0,0,0,0,0,0,0,0,0,0,0,0,0,0,0,0,0,0,0
186328,59.48839976,0,0,0,0,0,0,0,0,0,0,0,0,0,0,0,0,0,0,0,0,0,65.83278473,0,0,0,0,0,0,0,0,0,0,0,0,0,0,0,0,0,0,0,0,0,0,0,0,0,0,0,68.82312457,0,0,0,54.25935974,0,0,0,0,0,0,96.06147935,0,0,0,0,0,0,0,0,0,0,0,0,0,0,0,0,0,0,0,0,0,0,89.76660682,0,0,0,0,0,0,0,0,0,0,0,0,0,0,0,0,0,0,0,0,0,0,0,0,0,0,0,0,0,0,0,0,0,0,0,0,0,0,0,0,0,0,0,0,0,0,0,0,0,0,0,0,0,0,0,0,0,0,0,0,0,0,0,0,0,85.47008547,0,0,0,0,0,0,0,0,0,0,0,0,0,0,0,0,0,0,0,0,0,0,0,0,0,0,0,0,0,0,0,0,0,0,0,0,0,0,0,0,0,0,0,0,0,0,0,0,0,0,0,0,0,0,0,0,0,0,0,0,0,0,0,0,0
301910,118.9767995,192.2152811,296.735905,0,717.989629,76.68711656,0,134.4086022,67.38544474,0,0,0,0,0,535.7142857,74.57121551,103.1459515,0,103.626943,0,198.4126984,136.425648,0,0,0,143.7814522,204.1649653,0,0,155.5613171,0,0,192.1229587,227.4019329,0,126.1034048,0,88.10572687,0,219.2982456,0,0,0,235.8490566,0,0,48.6381323,0,43.96248535,512.8205128,0,176.5225066,0,0,108.5187195,0,0,0,0,171.8213058,0,0,112.4859393,61.84291899,0,0,58.85815185,0,0,0,199.6007984,0,0,0,163.9344262,0,106.9518717,0,0,99.30486594,0,73.26007326,0,0,0,0,0,0,32.89473684,223.0483271,0,0,0,0,0,0,95.87727709,0,217.3913043,0,0,0,0,83.19467554,0,0,396.5107058,415.8004158,73.47538575,98.03921569,198.9060169,104.4932079,0,0,0,334.7280335,0,117.7856302,62.85355123,0,137.5515818,0,0,76.2195122,0,0,0,0,0,0,0,283.4868887,0,92.59259259,71.27583749,0,0,153.1393568,0,0,0,0,0,0,0,58.82352941,108.8731628,0,63.69426752,93.6329588,0,0,98.61932939,175.1313485,0,0,0,0,0,0,0,0,0,0,0,0,0,0,0,0,0,0,0,0,0,0,0,0,0,0,0,0,0,0,0,0,0,0,0,0,0,0,0,0,0,0,0,0,0,0,0,0,0,0,0,0,0,0,0,0,0,0,0,0,0,0
185186,0,0,0,0,0,0,0,0,0,0,0,0,0,0,0,0,0,0,0,114.2857143,0,0,0,0,0,71.8907261,0,0,0,0,0,0,0,0,0,0,0,0,0,0,0,0,0,0,0,0,0,0,43.96248535,0,0,0,0,0,0,0,0,0,0,0,0,96.06147935,112.4859393,0,0,0,0,0,0,0,0,0,0,0,54.64480874,0,0,0,0,0,0,0,0,0,89.76660682,0,0,0,0,74.34944238,0,0,0,0,0,0,0,0,0,0,0,0,0,0,0,0,0,0,0,0,49.72650423,0,153.3742331,0,0,0,0,0,0,0,0,0,0,0,0,0,0,0,46.12546125,0,0,0,0,0,0,0,0,0,0,0,0,0,0,0,0,0,0,0,0,0,0,0,0,0,181.3236627,0,0,0,0,0,0,0,0,0,0,0,0,0,0,0,0,0,0,0,0,0,0,0,0,0,0,0,0,0,0,0,0,0,0,0,0,0,0,0,0,0,0,0,0,0,0,0,0,0,0,0,0,0,0,0,0,0,0,0,0,0
2653002,59.48839976,48.05382028,0,100.9591116,39.88831272,0,0,0,0,78.125,0,0,61.12469438,0,0,0,51.57297576,0,0,228.5714286,0,68.21282401,131.6655695,0,127.4968126,71.8907261,81.66598612,160.2564103,0,0,0,0,384.2459174,113.7009665,0,126.1034048,81.43322476,0,144.5086705,0,0,0,0,0,0,0,0,0,87.92497069,0,0,0,0,0,0,0,0,0,0,0,0,0,0,61.84291899,267.7376171,205.7613169,0,0,0,0,0,0,0,174.9781277,0,0,213.9037433,0,190.6577693,0,0,0,162.999185,0,89.76660682,0,128.3697048,94.33962264,0,0,0,191.7545542,167.3640167,0,0,0,0,0,0,0,0,0,0,0,0,573.7704918,0,0,73.47538575,0,0,0,153.3742331,0,0,0,67.34006734,0,0,1264.488936,0,0,0,0,0,0,55.34034311,0,46.12546125,0,80.38585209,0,77.22007722,0,0,94.87666034,90.74410163,0,0,194.9317739,0,103.7882719,56.33802817,0,136.0544218,0,54.43658138,0,0,0,0,0,98.61932939,0,0,67.63611769,0,0,0,0,0,0,0,0,0,0,0,0,0,0,0,0,0,0,0,0,0,0,0,0,0,0,0,0,0,0,0,0,1.261606782,0,0,0,0,0,0,0,0,0,0,0,0,0,0,0,0,0,0,0,0,0,0,0,0,0,0.672526615,0
190240,0,48.05382028,0,0,39.88831272,76.68711656,0,0,0,0,160,0,0,0,0,37.28560776,0,0,103.626943,0,0,68.21282401,0,0,0,0,0,0,0,0,0,0,0,0,0,0,0,0,0,0,0,0,0,0,38.62495172,0,0,0,0,0,0,0,0,0,0,0,0,0,0,0,0,0,0,61.84291899,0,0,0,0,0,0,99.8003992,0,0,87.48906387,54.64480874,0,0,0,0,0,0,219.7802198,0,0,0,0,0,0,32.89473684,0,0,0,0,106.3829787,79.36507937,0,0,0,72.46376812,0,0,0,0,0,0,81.96721311,158.6042823,0,73.47538575,0,0,0,0,0,0,83.68200837,0,0,0,0,275.1031637,0,0,0,0,0,0,0,0,0,0,0,0,0,0,0,90.74410163,0,0,0,0,0,0,0,0,0,0,0,0,93.6329588,0,0,0,58.37711617,0,0,0,0,0,0,0,0,0,0,0,0,0,0,0,0,0,0,0,0,0.936575132,0,1.83229605,0,0,0,0,4.280363831,0,0,0,0,1.316725041,0.720954544,0,0,3.127883518,0,0,0,0.784627577,0,0,1.259160392,0,0,0,0,0,3.631543588,0,0,1.312749422,0,0.82140921,0.810714402,0,0,0,0.866018308,0,4.467011123
12,297.4419988,0,0,0,0,0,113.2502831,403.2258065,0,0,0,0,0,0,0,0,0,0,0,0,0,0,0,80.45052293,0,0,0,160.2564103,0,570.391496,0,0,0,0,0,315.258512,0,0,0,0,0,0,128.0409731,0,0,1381.692573,0,117.3020528,73.27080891,0,137.6462491,0,72.15007215,0,0,66.8002672,0,0,13533.83459,85.91065292,0,96.06147935,112.4859393,0,535.4752343,0,0,71.78750897,80.45052293,0,0,0,0,87.48906387,109.2896175,0,0,0,0,0,54.2888165,0,81.4995925,0,0,85.68980291,0,0,0,74.34944238,0,0,0,0,0,0,0,0,72.46376812,51.49330587,0,0,0,83.19467554,0,0,0,0,73.47538575,0,0,0,0,0,44.62293619,0,67.34006734,117.7856302,0,0,0,997.6976209,0,76.2195122,0,0,0,75.13148009,0,0,80.38585209,0,0,0,0,0,272.2323049,0,0,0,602.4096386,0,0,0,136.0544218,0,163.3097441,0,0,0,0,0,0,116.7542323,30.22061046,304.3625296,4.012956115,7.098239637,0,5.365526492,0,0,86.43395289,0,4.183225267,627.5026858,10.443228,2.417054738,0,7.850261862,2.972298181,56.61820964,3.603733468,2.536268642,4.68287566,0,3.05382675,0.505642976,6.255571368,10.10417403,19.35858553,0,3.424610622,2.779476347,3.023196555,0,13.82561294,6.849068166,81.37363746,5.997361161,7.819708794,3.008936542,4.860503548,5.8123253,7.061648189,2.805127774,14.50442022,3.777481176,1.749842514,0,0,0,0,0,0,3.701144887,2.625498845,5.665775881,4.928455258,16.21428803,0,26.28854969,10.1946614,12.99027461,1880.384416,0
289622,0,0,0,0,0,0,0,0,0,0,0,0,0,0,0,0,0,0,0,0,0,0,0,0,0,0,0,0,0,0,0,83.89261745,0,0,0,0,0,0,0,0,0,0,0,0,0,0,0,0,0,0,0,0,0,0,0,0,0,59.24170616,0,0,0,0,0,0,0,0,0,0,0,0,0,0,0,0,0,0,0,147.4926254,0,0,0,73.26007326,0,0,0,0,0,0,0,0,0,0,0,0,0,0,0,0,0,0,0,0,0,0,0,0,0,0,73.47538575,0,0,0,0,0,0,0,0,0,0,0,0,0,0,0,75.81501137,0,0,0,0,0,0,0,0,0,35.63791875,0,0,0,0,0,0,0,0,0,0,0,0,0,0,0,0,0,0,0,0,0,0,0,0,0,0,0,0,0,0,0,0,0,0,0,0,0,0,0,0,0,0,0,0,0,0,0,0,0,0,0,0,0,0,0,0,0,0,0,0,0,0,0,0,0,0,0,0,0,0,0,0,0,0,0,1.208006668,0,0,0,0,0
4446669,0,0,0,0,0,0,0,0,0,0,0,0,0,0,89.28571429,0,0,0,0,114.2857143,99.20634921,0,0,0,0,0,40.83299306,160.2564103,0,0,194.9317739,0,0,0,0,0,0,0,0,0,0,0,0,0,0,345.4231434,0,0,205.1582649,0,0,0,0,0,0,0,0,0,0,0,0,0,0,0,0,0,0,215.3625269,0,0,0,0,0,0,0,0,0,0,0,0,0,0,0,0,0,428.4490146,0,0,0,74.34944238,0,383.5091083,0,0,79.36507937,0,0,0,0,0,84.10428932,436.2050164,0,0,0,0,0,0,0,0,0,0,0,0,0,0,134.6801347,0,0,0,0,0,184.8428835,0,75.81501137,0,0,0,0,0,0,0,0,0,35.63791875,0,0,0,0,194.9317739,0,0,0,0,0,0,54.43658138,0,0,0,0,0,0,467.0169294,332.426715,0,0,0,0,0,4.82571139,0,0,0,12.5496758,234.3978904,0,0.805684913,0,0,0,0,0,0,0,0,6.107653501,0,0,0,0,1.070090958,0,0,0.431885222,0,15.14233798,27.39627267,0,4.997800968,0,0,0,0,98.07844707,0,0,0,0,0,1.421726829,0,0,0,0.538413081,3.084287406,0,0,0,0,3.624020005,0,0,0,0,0
231985,0,0,0,0,0,0,0,0,0,0,0,0,0,0,267.8571429,0,0,0,0,0,99.20634921,0,0,0,0,0,0,0,0,0,0,0,0,0,0,0,0,0,0,0,0,68.16632584,0,0,0,0,0,0,43.96248535,0,0,0,0,0,54.25935974,0,0,59.24170616,0,0,0,0,0,0,0,0,0,0,0,0,99.8003992,0,0,0,54.64480874,0,0,0,0,0,0,0,0,0,0,0,0,0,0,0,0,0,0,0,0,0,0,0,0,0,0,0,0,0,80.45052293,0,0,0,0,0,0,0,0,0,0,83.68200837,0,0,0,0,137.5515818,0,0,0,0,0,0,0,0,0,0,0,0,0,0,0,0,0,0,0,0,0,0,0,0,0,0,0,0,0,0,0,0,0,0,0,0,0,0,0,0,0,0,0,0,0,0,0,0,0,0,0,0,0,0,0,0,0,0,0,0,0,0,0,0,0,0,0,0,0,0,0,0,0,0,0,0,0,0,0,0,0,0,0,0,0,0,0,0,0,0,0,0,0,0,0
442846,0,0,0,0,0,0,113.2502831,0,67.38544474,0,0,0,0,0,0,0,0,0,0,114.2857143,0,0,0,0,0,0,40.83299306,0,0,0,97.46588694,0,0,0,0,0,81.43322476,0,0,0,0,0,0,0,0,0,0,58.65102639,73.27080891,0,0,0,0,0,0,0,0,0,0,0,0,0,0,0,133.8688086,68.58710562,0,0,0,0,0,0,0,0,0,0,106.9518717,0,95.32888465,0,0,0,0,94.07337723,0,171.3796058,0,0,0,0,82.50825083,0,83.68200837,0,79.36507937,107.2961373,0,0,0,102.9866117,0,0,0,0,0,81.96721311,0,0,0,0,0,0,306.7484663,0,44.62293619,0,0,0,0,105.374078,0,153.4919417,0,0,0,0,0,0,46.12546125,0,0,0,77.22007722,0,0,0,0,0,0,0,0,0,0,0,0,0,0,0,0,0,0,0,0,0,30.22061046,67.63611769,0,0,0,0,0,0,0,0,0,0,0,0,0,0,0,0,0,0,0,0,0,0,0,0,0,0,0,0,0,0,0,0,0,0,0,0,0,0,0,0,0,0,0,0,0,0,0,0,0,0,0,0,0,0,0,0,0,0,0,0
265280,0,0,0,0,0,0,0,44.80286738,0,0,0,0,0,0,0,0,0,0,0,0,0,0,0,0,0,0,0,0,0,0,0,0,0,0,0,0,0,0,0,0,0,0,0,0,0,0,0,0,0,0,0,0,0,0,0,0,0,0,0,0,0,0,0,0,0,0,0,0,0,0,0,0,0,0,0,0,0,0,0,0,0,0,0,0,0,0,0,0,0,0,0,0,0,0,0,0,0,0,0,0,0,0,0,0,0,0,0,0,0,0,0,0,0,0,0,0,0,0,0,0,0,0,0,0,0,0,0,0,0,0,0,0,0,0,0,0,0,0,0,0,0,0,0,0,0,0,0,0,0,0,0,0,0,0,0,0,5.732794451,1.183039939,0,0.894254415,0,0,0,0,0,0,0,0,0,0,0,0,0,0,0,1.306694194,0,0.505642976,0,0,0,0,2.054766373,0,0,0.712392785,0,0,1.261606782,0,0,0,0,0,4.707765459,0,1.450442022,0,0,0.831905229,0,0,0,0,0,0,26.25498845,0,0,0,0,0,0,0,0,0
4457064,0,0,0,0,0,0,566.2514156,44.80286738,0,0,160,0,61.12469438,0,0,0,0,80.25682183,0,228.5714286,0,68.21282401,131.6655695,0,42.49893753,143.7814522,0,641.025641,0,0,97.46588694,0,96.06147935,170.5514497,110.4972376,0,0,0,144.5086705,109.6491228,0,68.16632584,0,0,77.24990344,172.7115717,0,0,0,0,137.6462491,0,0,49.85044865,0,133.6005344,0,0,0,0,0,192.1229587,0,0,267.7376171,0,0,215.3625269,0,149.2537313,99.8003992,0,0,174.9781277,109.2896175,109.8297639,0,0,95.32888465,0,108.577633,73.26007326,162.999185,282.2201317,0,0,128.3697048,94.33962264,164.4736842,148.6988848,247.5247525,191.7545542,83.68200837,106.3829787,79.36507937,214.5922747,95.87727709,198.8071571,144.9275362,205.9732235,0,0,0,83.19467554,402.2526146,0,0,0,0,0,0,0,0,117.9245283,401.6064257,0,269.3602694,0,62.85355123,0,0,76.74597084,0,76.2195122,151.6300227,271.00271,0,0,92.25092251,0,80.38585209,0,0,0,71.27583749,379.5066414,181.4882033,0,0,0,0,0,0,0,408.1632653,117.6470588,0,0,0,93.6329588,85.47008547,83.7520938,197.2386588,58.37711617,90.66183137,169.0902942,0,0,0,0,0,0,0,0,0,0,0,0,0,25.23298456,0,0,0,0,0,0,0,0,0,0,0,0,0,0,1.295655667,0,0,0,0,0,0,0,0,6.340718509,10.98478607,0.561025555,0,0,0,0,0,0,0,1.815771794,0,0,0,0,0,0,0,0,0,0,0,0
13,59.48839976,0,0,6966.178698,0,0,679.5016988,0,0,0,0,0,0,0,178.5714286,0,0,80.25682183,0,0,0,0,0,160.9010459,637.4840629,0,0,0,0,51.85377236,0,0,0,0,0,0,0,0,144.5086705,0,0,0,128.0409731,0,0,863.5578584,97.27626459,117.3020528,117.2332943,0,0,0,0,0,0,0,0,0,5137.844612,85.91065292,0,0,112.4859393,0,1204.819277,0,58.85815185,0,0,0,0,0,0,0,0,0,0,0,0,0,54.2888165,0,0,0,0,0,0,0,0,74.34944238,0,0,251.0460251,0,0,0,0,0,0,51.49330587,0,0,101.9367992,0,0,0,0,0,73.47538575,98.03921569,0,0,0,0,267.7376171,0,1212.121212,0,0,0,0,690.7137375,0,0,0,0,0,0,0,21428.57143,0,0,77.22007722,0,0,0,0,0,0,0,9638.554217,0,112.6760563,0,0,0,108.8731628,0,0,0,0,0,394.4773176,0,0,946.9056476,57114.30237,1.774559909,2.047439165,9.836798569,49.06139913,0,49.68250835,12.19984786,1.394408422,141.6153921,169.702455,0,0.893503337,0.56073299,1679.348472,8.416220352,9.78156227,8.454228805,7.492601056,2.613388389,0,18.20314712,31.27785684,0,0,4.280363831,15.75320886,0,1.295655667,1469.666315,42.79356385,0,76.95801373,0.999560194,1.563941759,0,6.480671398,6.869111718,48.64690974,0.561025555,35984.01613,74.29046312,209.9811017,0.831905229,0,8.432268345,7.457121551,0,2.692065406,33.31030399,89.26696072,68.93360655,1.642818419,0,218.6492069,1.643034356,31.71672434,6.928146461,1949.654658,178.6804449
14,0,0,0,50.47955578,0,0,0,0,0,0,0,0,0,0,0,0,0,0,0,0,0,0,0,0,0,0,0,0,0,0,97.46588694,0,0,113.7009665,0,0,0,0,0,0,0,0,0,0,0,0,0,0,0,0,0,0,0,0,0,0,0,0,0,0,0,0,0,0,0,0,0,0,0,0,0,0,0,0,0,0,0,0,0,0,0,0,0,0,0,0,0,0,0,0,0,0,0,0,79.36507937,0,0,0,0,51.49330587,0,218.1025082,0,0,0,0,0,0,0,0,0,0,0,0,0,0,0,0,0,0,0,0,0,76.2195122,0,0,0,0,0,0,0,0,0,0,0,0,0,0,0,0,301.2048193,51.89413596,0,0,0,0,0,0,0,0,0,0,0,0,0,0,0,0,0,0,0,0,0,0,0,0,0,0,0,0,0,0,0,0,0,0,0,0,0,0,0,0,0,0,0,0,0,0,0,0,0,0,0,0,0,0,0,0,0,0,0,0,0,0,0,0,0,0,0,0,0,0,0,0,0,0
575407,0,0,0,0,0,0,0,44.80286738,0,0,0,0,0,0,0,0,0,0,0,114.2857143,0,0,0,0,0,71.8907261,0,0,0,0,0,0,0,0,0,63.0517024,0,0,0,0,0,0,0,0,0,172.7115717,0,0,0,0,0,88.26125331,0,0,0,0,0,0,0,0,0,96.06147935,112.4859393,0,0,0,58.85815185,0,0,0,0,0,0,0,0,0,0,0,0,0,0,0,0,0,89.76660682,0,0,0,0,0,0,0,0,0,79.36507937,0,0,0,0,0,0,0,0,0,0,0,0,0,0,0,0,0,76.68711656,0,0,0,0,0,0,0,0,0,0,0,0,271.00271,0,0,0,0,0,0,0,0,0,0,0,0,0,0,0,0,0,0,0,0,0,0,0,0,0,0,0,0,60.44122091,0,0,0,0,0,0,0,0,0.717638109,2.788816844,0,0,0,0,0,0,0,0,0,0,0,0,0,0,0,0,0,0,0,0,0,0,0,0,0,0,0,0,0,0,0,0,0,0,0,0,0,0,0,0,0,0,0,0,0,0,0,0,0,0.672526615,0
197022,0,0,0,0,0,76.68711656,0,0,67.38544474,0,0,0,0,101.5228426,89.28571429,111.8568233,0,0,0,114.2857143,0,68.21282401,0,0,0,0,0,0,0,0,0,0,0,0,0,0,0,0,0,109.6491228,0,0,0,0,0,0,0,0,0,0,0,0,0,0,0,0,0,0,0,0,87.2600349,0,0,0,0,0,0,0,0,0,0,0,0,0,0,0,0,0,0,0,0,0,0,0,0,0,0,0,0,0,82.50825083,0,0,0,0,0,95.87727709,0,72.46376812,0,0,0,0,83.19467554,0,0,79.30214116,0,73.47538575,0,0,0,0,0,0,0,0,0,0,0,275.1031637,0,0,0,0,0,0,0,0,0,0,0,0,0,35.63791875,0,0,0,0,0,0,0,0,0,0,0,0,75.4147813,0,0,0,0,0,0,0,0,0.382186297,0.59151997,2.047439165,0.894254415,4.82571139,1.323968463,3.402911531,8.611657313,0,0,4.351345001,1.611369825,1.787006674,2.242931961,0,6.88599847,11.32601947,0.845422881,2.809725396,1.306694194,0.61076535,0,4.691678526,0,0.716984649,17.12145532,0.684922124,0,1.727540889,0,0,5.046681807,1.892410174,2.998680581,3.909854397,11.03276732,3.240335699,0,4.707765459,3.366153328,0,10.07328313,0,0.831905229,0,0.216212009,11.47249469,7.263087175,1.076826163,0,1.312749422,2.83288794,2.464227629,13.78214483,1.208006668,0,3.398220465,10.39221969,0,1.489003708
15,2141.582391,1009.130226,593.4718101,555.2751136,199.4415636,1073.619632,1812.00453,1792.114695,876.0107817,468.75,2560,0,1283.618582,913.7055838,714.2857143,484.7129008,464.1567818,1123.595506,1036.26943,2514.285714,1488.095238,886.7667121,1777.485188,643.6041834,552.4861878,2444.284687,1388.321764,2724.358974,426.6211604,1633.393829,2436.647173,1510.067114,1248.799232,7390.56282,994.4751381,1639.344262,1221.498371,704.845815,2167.630058,1754.385965,918.3673469,2453.98773,896.2868118,393.081761,540.7493241,2245.250432,1215.953307,1466.27566,3898.007034,1538.461538,1789.401239,1765.225066,11255.41126,897.3080758,434.0748779,1603.206413,255.1020408,118.4834123,501.2531328,1116.838488,872.600349,672.4303554,1574.80315,1298.701299,2275.769746,2400.548697,1942.319011,3876.525485,1367.65889,1194.029851,299.4011976,1048.951049,1203.113942,1837.270341,1311.47541,2306.425041,3422.459893,884.9557522,857.9599619,1588.877855,1411.509229,586.0805861,2118.989405,2163.687676,1795.332136,2142.245073,2310.654685,377.3584906,1973.684211,1933.085502,1732.673267,2972.19559,753.1380753,1063.829787,1428.571429,4077.253219,2780.441035,1590.457256,1449.275362,1338.825953,1345.668629,1199.563795,1732.925586,1081.530782,3378.921963,1393.442623,793.0214116,2079.002079,734.7538575,392.1568627,1392.342118,1358.411703,1533.742331,1179.245283,1963.409192,920.502092,2693.602694,1648.998822,1257.071025,1580.61117,137.5515818,3683.8066,1478.743068,1143.292683,2577.710387,1084.01084,774.7648035,901.5777611,1107.01107,0,1446.945338,496.1020553,1389.96139,1018.518519,1140.4134,3510.436433,1179.673321,0,1523.545706,1364.522417,2108.433735,1660.612351,1352.112676,1703.163017,1088.435374,941.1764706,2286.336418,1282.051282,1528.66242,1498.127341,1965.811966,1591.289782,1282.051282,1984.82195,1813.236627,2773.080825,16.43401076,682.6140451,31.73530706,402.4144869,456.8340116,712.2950331,669.6929893,1120.950727,910.5486997,512.7453853,614.4099141,638.9081358,479.8112921,1391.178549,656.1348234,534.8125478,317.6433642,483.5818877,952.4969093,43.12090841,1633.186546,1203.935925,390.9732105,1120.5529,675.3995397,570.3584805,421.9120286,416.921452,535.1057903,893.3405522,672.8464962,503.2262716,2292.970327,490.784055,1679.673449,104.3098001,891.0923172,489.8205048,1315.820446,2848.326741,68.17077504,1116.875268,22.74795268,195.4977289,675.320244,301.8319644,1117.420983,159.7879179,334.8929366,1590.875444,351.8168452,293.6760498,36.14200522,677.7572397,455.4185139,854.377865,650.7592191,196.5861558,995.3393906,150.3893745
174892,0,0,0,0,0,0,0,0,0,0,0,0,0,0,0,0,103.1459515,80.25682183,0,0,0,0,0,0,0,0,0,0,0,0,0,0,0,0,0,0,0,88.10572687,0,0,0,136.3326517,0,78.6163522,77.24990344,0,0,0,0,0,0,0,0,0,0,0,0,0,0,0,0,0,0,0,0,0,0,0,0,0,0,0,0,0,0,0,0,0,95.32888465,0,54.2888165,73.26007326,0,0,0,0,0,0,0,0,0,0,0,0,0,0,0,0,0,0,0,0,0,0,80.45052293,0,0,0,0,0,0,0,0,0,44.62293619,0,0,0,0,0,0,0,0,0,0,0,0,0,0,0,0,0,0,0,0,0,0,0,0,0,0,51.89413596,0,0,0,0,0,75.4147813,0,0,0,0,0,0,0,0,0,0,0,0,0,0,1.361164612,0,0,0,0,0,0,0,0,0,0,0,0,0,0,0,0,0,1.433969299,0,0,0,0,0,0,0.360477272,1.261606782,0,0,0,0,0,0,0,0,0,0,0,0,0,0.573624735,0,0,0,0,0,0,0,0,0,0,0,0,0
639310,0,0,0,0,39.88831272,153.3742331,0,0,0,0,0,0,0,0,178.5714286,260.9992543,0,0,0,0,0,0,0,0,0,0,0,0,0,0,0,0,0,0,0,0,81.43322476,88.10572687,0,0,0,0,0,0,0,0,0,0,0,0,68.82312457,0,0,0,0,0,0,0,0,0,0,0,0,0,0,0,0,0,0,0,199.6007984,174.8251748,0,0,0,0,0,0,0,0,0,0,0,0,0,0,0,0,0,0,0,0,0,0,0,0,95.87727709,0,72.46376812,0,0,0,0,0,0,0,0,0,0,98.03921569,0,0,0,0,0,0,67.34006734,0,62.85355123,0,0,76.74597084,0,0,0,0,0,0,0,0,0,0,0,92.59259259,0,0,0,0,0,0,0,0,0,0,0,0,0,0,0,93.6329588,0,0,0,0,0,0,0,0,0,0,0,0,0,0,0,0,0,0,0,0,0,0,0,0,0,0,0,0,0,0,0,0,0,0,0,0,0,0,0,0,0,0,0,0,0,0,0,0,0,0,0,0,0,0,0,0,0,0,0,0,0,0,0,0,0,0
69933,59.48839976,48.05382028,2077.151335,0,279.2181891,306.7484663,0,0,0,0,320,478.4688995,366.7481663,101.5228426,1339.285714,1938.851603,0,0,0,0,0,0,131.6655695,0,0,0,40.83299306,160.2564103,0,0,0,0,576.3688761,170.5514497,0,0,0,2555.066079,0,0,0,408.997955,0,0,77.24990344,0,0,58.65102639,14.65416178,0,68.82312457,0,0,0,54.25935974,0,0,0,0,515.4639175,349.0401396,288.184438,0,123.685838,0,0,0,71.78750897,0,0,2395.209581,1748.251748,0,612.4234471,109.2896175,0,0,0,0,0,0,366.3003663,162.999185,0,89.76660682,85.68980291,0,0,0,297.3977695,247.5247525,0,83.68200837,0,0,0,671.1409396,0,724.6376812,0,0,0,101.9367992,332.7787022,0,0,317.2085646,311.8503119,0,588.2352941,546.9915465,104.4932079,0,0,0,836.8200837,0,0,251.4142049,0,0,153.4919417,0,0,75.81501137,271.00271,55.34034311,0,92.25092251,0,80.38585209,0,0,648.1481481,35.63791875,94.87666034,0,306.2787136,0,584.7953216,0,207.5765439,281.6901408,0,0,0,54.43658138,150.8295626,0,842.6966292,0,0,98.61932939,0,0,0,0,0,0,0,0,0,0,0,0,0,0,0,0,0,0,0,0,0,0,0,0,0,0,0,0,0,0,0,0,0,0,0,0,0,0,0,0,0,0,0,0,0,0,0,0,0,0,0,0,0,0,0,0,0,0,0,0,0,0,0
16,0,0,0,0,39.88831272,0,113.2502831,0,0,0,0,0,0,0,0,0,0,0,0,0,0,0,0,0,0,0,0,0,0,51.85377236,0,0,0,0,0,0,0,0,0,0,0,0,0,0,0,172.7115717,48.6381323,0,0,0,0,0,0,49.85044865,0,0,0,0,3007.518797,0,0,0,0,0,0,0,0,0,0,0,0,0,0,0,0,0,0,0,0,0,0,0,0,0,0,0,0,0,0,0,0,0,0,0,79.36507937,0,0,0,0,0,0,0,0,0,0,0,0,0,0,0,0,0,0,0,0,0,0,0,62.85355123,0,0,460.475825,0,0,0,0,0,0,0,0,0,0,0,0,0,0,0,0,0,0,0,0,0,0,0,0,54.43658138,0,0,0,0,0,0,0,0,0,0,0,0,1.788508831,0,0,2.722329225,0,0,85.45756422,19.145918,0,0,0,0,0.765110941,1.029638134,0,0,0,0,0,0.781946421,0,1.433969299,0,0,2.779476347,0,2.137178355,0,0,14.508478,0,0,2.005957694,0,3.170359255,4.707765459,0,0,0,0,0,4.265180488,0,0,0,0,0,0,0,0,0,2.416013336,0,0.566370078,0.866018308,67.25266152,0
17,0,0,0,0,0,0,0,0,0,0,0,0,0,0,178.5714286,111.8568233,0,0,0,0,0,0,65.83278473,0,0,0,0,0,0,0,0,0,0,0,0,0,0,88.10572687,0,0,0,68.16632584,0,0,0,0,0,0,0,0,0,0,0,0,0,0,0,0,0,85.91065292,0,0,0,0,0,0,0,0,0,0,99.8003992,174.8251748,0,0,0,0,0,0,0,0,0,0,0,0,0,0,0,0,0,0,0,0,0,0,0,0,0,0,72.46376812,0,0,0,0,0,0,0,0,0,0,0,0,0,0,0,0,0,0,0,62.85355123,0,0,0,0,0,0,0,0,0,0,0,0,0,0,0,0,0,0,0,0,0,0,0,56.33802817,0,0,0,0,0,0,0,0,0,0,0,0,0,0,0,0,0,0,0,0,0,0,0,0,0,0,0,0,0,0,0,0,0,0,0,0,0,0,0,0,0,0,0,0,0,0,0,0,0,0,0,0,0,0,0,0,0,0,0,0,0,0,0,0,0,0,0,0,0,0,0,0,0
495451,0,0,0,0,0,0,453.0011325,0,0,0,0,0,0,0,0,0,0,0,0,0,0,0,0,0,0,0,0,0,0,0,97.46588694,0,0,0,0,1261.034048,0,0,0,0,0,0,128.0409731,0,0,0,0,0,0,0,0,0,0,0,54.25935974,0,0,0,0,0,0,0,0,0,0,0,0,0,0,0,0,0,0,437.4453193,0,0,320.855615,0,0,0,0,0,0,0,0,0,0,0,0,0,0,0,0,0,0,0,0,0,0,0,0,0,0,0,0,0,0,0,0,0,0,0,0,0,0,0,0,0,0,0,0,690.7137375,0,0,0,0,0,0,0,0,0,0,0,0,0,0,0,0,0,0,0,0,0,0,0,0,0,0,0,0,85.47008547,0,98.61932939,1050.788091,0,0,1.719838335,0,0,5.365526492,10.45570801,1.323968463,310.3455316,0,0,26.85809161,10939.28133,0,0,8.410994852,0,57.38332058,70.53021216,6.763383044,5.619450792,0,0,3.539500829,0.781946421,2.020834807,33.69827852,1.070090958,10.95875399,0,0.863770444,9.973498988,982.2768809,8.290977254,5.677230521,2.998680581,9.383650553,2.005957694,6.480671398,5.283932091,0,0,65.99511201,0,20.12318891,0,0,0,1.720874204,0,0,6.168574812,9.189245957,1.88859196,0,0,12.08006668,0,6.79644093,0,25784.67043,11.91202966
18,118.9767995,48.05382028,593.4718101,0,79.77662545,460.1226994,113.2502831,0,0,0,0,956.937799,183.3740831,0,178.5714286,5667.412379,0,0,0,114.2857143,99.20634921,0,65.83278473,0,0,0,0,0,0,0,194.9317739,0,192.1229587,113.7009665,0,0,0,704.845815,0,0,0,68.16632584,0,0,0,0,0,0,146.5416178,0,137.6462491,0,0,49.85044865,0,0,0,0,0,171.8213058,87.2600349,192.1229587,0,61.84291899,0,0,0,0,0,149.2537313,399.2015968,1486.013986,0,0,109.2896175,0,0,0,0,0,54.2888165,219.7802198,81.4995925,0,0,85.68980291,0,0,0,0,82.50825083,0,83.68200837,0,0,0,862.8954938,0,652.173913,0,0,0,0,0,0,0,0,207.9002079,0,686.2745098,0,104.4932079,0,0,0,83.68200837,134.6801347,0,188.5606537,0,0,153.4919417,0,0,227.4450341,0,55.34034311,0,46.12546125,0,160.7717042,0,0,277.7777778,35.63791875,0,0,153.1393568,0,0,0,0,0,0,0,0,0,150.8295626,0,749.0636704,0,0,0,0,0,0,0,0,0,0,0,0,0,0,0,0,0,0,0,0,0,0,0,0,0,0,0,0,0,0,0,0,0,0,0,0,0,0,0,0,0,0,0,0,0,0,0,0,0,0,0,0,0,0,0,0,0,0,0,0,0,0,0,0,0,0
207994,0,0,0,0,0,0,0,0,0,0,0,0,0,0,0,37.28560776,0,0,0,0,0,68.21282401,0,0,0,0,0,0,0,0,0,0,0,0,0,0,0,0,0,109.6491228,0,0,0,0,0,0,0,0,14.65416178,0,0,0,0,0,0,0,0,0,0,0,0,0,0,0,0,0,0,0,0,0,0,0,0,0,0,0,0,0,0,0,0,0,0,0,0,0,0,0,32.89473684,0,0,0,0,0,0,0,0,0,0,0,0,0,0,0,0,0,0,0,0,0,99.45300845,0,0,0,0,0,0,0,0,0,0,0,0,0,0,0,0,0,0,0,0,70.87172218,0,0,0,0,0,0,0,0,0,0,0,0,0,0,0,0,0,0,0,0,0,0,0,0,0,0,0,0,1.608570463,0.661984232,0,17.22331463,0,0,0,2.417054738,1.787006674,11.77539279,0,0.765110941,0,0,0,0,10.38301095,4.045143805,0,5.052087017,52.3398794,0,2.054766373,5.558952693,0,2.84957114,0,0,0,85.96217664,13.29350495,0,0,0,0,63.95691324,0,0,0,0,0,0,1.147249469,0,11.84508779,0,0,0,0,1.621428803,0,0,0,0,3.362633076,0
197221,0,192.2152811,0,0,0,230.0613497,0,0,0,0,0,0,61.12469438,304.5685279,535.7142857,149.142431,103.1459515,0,414.507772,114.2857143,0,68.21282401,0,80.45052293,42.49893753,0,40.83299306,0,0,77.78065854,0,0,0,0,0,0,0,176.2114537,144.5086705,0,0,0,0,0,0,0,0,0,43.96248535,0,68.82312457,0,0,0,0,0,0,118.4834123,0,0,0,0,112.4859393,61.84291899,0,0,0,0,0,0,199.6007984,87.41258741,0,0,54.64480874,109.8297639,0,0,0,198.6097319,0,146.5201465,244.4987775,188.1467545,0,0,0,0,32.89473684,74.34944238,82.50825083,0,0,531.9148936,0,0,95.87727709,0,72.46376812,0,0,0,0,83.19467554,0,0,0,103.950104,146.9507715,98.03921569,0,0,0,0,44.62293619,167.3640167,0,0,0,0,275.1031637,0,184.8428835,0,151.6300227,0,55.34034311,0,0,0,80.38585209,0,0,0,0,0,0,0,0,0,0,51.89413596,0,0,0,0,54.43658138,0,0,280.8988764,85.47008547,0,0,0,0,0,0,0,0,0,0,0,0,0,0,0,0,0,0,0,0,0,0,0,0,0,0,0,0,0,0,0,0,0,0,0,0,0,0,0,0,0,0,0,0,0,0,0,0,0,0,0,0,0,0,0,0,0,0,0,0,0,0,0,0,0
195759,0,48.05382028,0,0,0,0,0,0,0,0,0,0,0,0,178.5714286,37.28560776,0,0,103.626943,0,0,0,0,0,0,0,40.83299306,0,0,0,0,0,0,0,0,0,0,0,0,0,102.0408163,0,0,0,0,0,0,0,0,0,0,88.26125331,0,0,0,0,0,0,0,0,0,0,0,61.84291899,0,0,0,0,0,0,0,0,0,0,54.64480874,0,0,0,0,99.30486594,0,73.26007326,0,0,0,0,0,0,0,0,0,0,0,106.3829787,0,0,95.87727709,0,0,0,0,0,0,0,0,0,0,0,0,0,0,104.4932079,0,0,0,0,0,0,0,0,0,0,0,0,0,0,0,0,0,0,80.38585209,0,0,185.1851852,71.27583749,0,0,0,0,0,0,51.89413596,0,0,0,0,0,75.4147813,0,93.6329588,0,0,0,0,0,0,0,0,0,0,0,0,0,0,0,0,0,0,0,0,0,0,0,0,0,0,0,0,0,0,0,0,0,0,0,0,0,0,0,0,0,1.002978847,0,0,0,0,0,0,0,0.831905229,0,0,0,0,0,0,0,0,0,0,0,0,0,0,0,0
579293,0,96.10764056,0,0,0,0,0,0,134.7708895,0,0,0,0,0,0,37.28560776,51.57297576,80.25682183,103.626943,0,0,0,0,0,0,0,40.83299306,0,0,77.78065854,0,83.89261745,0,0,0,63.0517024,0,88.10572687,0,0,102.0408163,68.16632584,128.0409731,0,38.62495172,0,0,0,14.65416178,0,68.82312457,0,0,0,0,0,0,0,0,0,0,0,0,61.84291899,0,0,0,71.78750897,80.45052293,0,0,0,70.77140835,0,54.64480874,0,0,0,95.32888465,0,108.577633,73.26007326,81.4995925,188.1467545,0,0,0,94.33962264,65.78947368,0,0,0,0,0,0,0,95.87727709,0,144.9275362,0,0,0,0,0,80.45052293,0,79.30214116,0,0,0,0,104.4932079,0,0,0,0,0,117.7856302,62.85355123,0,0,0,0,76.2195122,0,0,0,0,0,0,80.38585209,70.87172218,0,185.1851852,0,0,0,0,138.5041551,0,0,51.89413596,0,0,0,0,0,0,63.69426752,93.6329588,85.47008547,0,0,0,0,67.63611769,15.66963817,0,0,0,0,0,0,0,0,0,0,0,0,0,0,0,0,0,0,0,0,0,0,0,0,0,0,0,0,0,0,0,0,0,0,0,0,0,0,0,0,0,0,0,0,0,0,0,0,0,0,0,0,0,0,0,0,0,0,0
2050168,0,0,0,100.9591116,0,0,0,0,0,0,0,0,0,0,0,0,0,0,0,0,0,0,0,0,0,0,40.83299306,0,0,25.92688618,0,0,0,56.85048323,0,0,0,0,0,0,0,0,0,0,0,345.4231434,0,0,0,0,0,0,0,0,0,0,0,0,0,0,0,0,112.4859393,0,0,0,58.85815185,0,0,0,0,0,0,0,0,0,0,0,0,0,0,0,0,0,0,0,0,0,65.78947368,0,0,0,83.68200837,0,0,0,0,0,0,51.49330587,0,0,101.9367992,0,0,0,0,0,0,0,0,0,0,0,89.24587238,0,0,0,0,0,0,76.74597084,0,0,0,0,0,0,0,0,0,0,77.22007722,0,0,0,0,0,0,0,0,0,0,0,0,117.6470588,0,0,0,0,0,0,0,0,0,33.81805884,0,0,0,0,0,0,0,0,0,0,0,0,0,0,0,0,0,0,0,0,0,0,0,0,0,0,0,0,0,0,0,0,0,0,0,0,0,0,0,0,0,0,0,0,0,0,0,0,0,0,0,0,0,0,0,0,0,0,0,0
192963,0,0,0,0,0,0,0,44.80286738,0,0,0,0,122.2493888,0,0,0,0,0,0,0,0,0,0,0,0,215.6721783,40.83299306,0,0,0,0,0,96.06147935,0,0,315.258512,0,0,0,0,0,0,0,0,0,0,0,175.9530792,87.92497069,0,0,0,0,99.70089731,0,0,0,0,125.3132832,0,0,192.1229587,112.4859393,0,0,0,0,0,3459.372486,0,0,0,0,0,0,0,0,0,0,0,54.2888165,0,0,0,0,0,64.18485237,0,0,0,0,2396.931927,0,0,158.7301587,0,95.87727709,0,0,0,0,0,0,0,80.45052293,0,0,0,0,0,99.45300845,0,306.7484663,0,0,0,0,0,0,0,0,0,369.6857671,0,0,0,0,0,92.25092251,0,0,0,0,0,35.63791875,0,90.74410163,0,0,0,0,155.6824079,0,0,0,0,0,0,0,0,85.47008547,0,0,116.7542323,60.44122091,0,0.382186297,0.59151997,0,2.682763246,0.804285232,3.309921158,1.361164612,4.305828657,11.15526738,2.441644692,1.740538,1400.280378,7.148026698,1.12146598,1.48614909,3.825554705,0,5072.537283,0,270.4856982,0.61076535,1.516928927,2.345839263,1.010417403,2.867938597,6.420545746,1.369844249,1.389738173,6.046393111,2.137178355,1.975087562,1.80238636,15.13928139,9407.860541,2.345912638,769.2847758,4.050419623,0.528393209,0,0,1.450442022,270.7194842,5.249527543,12283.08071,4.265180488,0,2.294498939,5.447315381,4.845717732,1.233714963,2.625498845,5111.47414,0.82140921,8.107144015,1.208006668,1.643034356,0.566370078,4.330091538,1.34505323,2.978007415
174439,0,96.10764056,0,0,0,230.0613497,0,0,67.38544474,0,0,0,0,101.5228426,0,223.7136465,0,0,0,0,0,0,0,0,0,0,0,0,0,77.78065854,0,0,0,0,0,0,0,0,0,0,0,0,0,0,0,0,0,0,0,512.8205128,0,0,0,0,0,0,0,0,0,0,0,0,0,0,0,0,0,0,0,447.761194,0,0,70.77140835,0,0,0,0,0,0,0,0,0,0,0,89.76660682,0,0,0,0,74.34944238,0,95.87727709,0,0,0,0,0,0,0,0,84.10428932,0,0,83.19467554,0,0,0,0,146.9507715,196.0784314,0,0,0,0,0,83.68200837,67.34006734,0,0,0,0,0,0,0,0,0,0,0,0,0,0,0,0,0,0,0,0,0,0,0,0,0,0,0,0,0,0,0,0,93.6329588,0,0,0,0,0,0,0,2.957599849,0,0,0,0,0,0,0,0,0,1.611369825,0,0,0,0,0,4.227114403,0,0,0.61076535,0,0,0,0,0,0,0,0,0.712392785,0,0,0,0,0,0,0,0,0,0,0,0,0,0,0,0.216212009,4.588997878,0,1.615239244,0,0,0,0,0,0,0,0,0,0,0
